run_id,type,params,metrics
9cea18a640184fe7b3e1b27f148fbc32,parent,"{'params.activation': None, 'params.n_layers': None, 'params.hidden_units': None, 'params.batch_size': None, 'params.learning rate': None}","{'metrics.lowest_val_loss': nan, 'metrics.test_MAPE_norm': nan, 'metrics.test_By_MAE': nan, 'metrics.val_loss_RMSE': nan, 'metrics.test_By_MAEP': nan, 'metrics.train_loss_RMSE': nan, 'metrics.test_Bx_MAEP': nan, 'metrics.test_RMSE': nan, 'metrics.test_Bx_MAE': nan, 'metrics.test_MAE_norm': nan, 'metrics.test_Bz_MAE': nan, 'metrics.test_Bz_MAEP': nan, 'metrics.final_val_loss': nan}"
cf18d4e0109a46279be250ee9542129f,nested,"{'params.activation': 'ReLU', 'params.n_layers': '6', 'params.hidden_units': '160', 'params.batch_size': '128', 'params.learning rate': '0.0005757975495807901'}","{'metrics.lowest_val_loss': 0.701672291234456, 'metrics.test_MAPE_norm': inf, 'metrics.test_By_MAE': 0.3443133533000946, 'metrics.val_loss_RMSE': 0.7270687824879173, 'metrics.test_By_MAEP': 1.8498849868774414, 'metrics.train_loss_RMSE': 0.6419247030699403, 'metrics.test_Bx_MAEP': 1.1437733173370361, 'metrics.test_RMSE': 0.7100115597002747, 'metrics.test_Bx_MAE': 0.30193638801574707, 'metrics.test_MAE_norm': 0.6032886868743805, 'metrics.test_Bz_MAE': 0.38858458399772644, 'metrics.test_Bz_MAEP': 4.343348979949951, 'metrics.final_val_loss': nan}"
718584229a9145db8cf4899064f32044,nested,"{'params.activation': 'ReLU', 'params.n_layers': '6', 'params.hidden_units': '243', 'params.batch_size': '128', 'params.learning rate': '0.0005228144756875357'}","{'metrics.lowest_val_loss': 0.608173554420441, 'metrics.test_MAPE_norm': inf, 'metrics.test_By_MAE': 0.2616187036037445, 'metrics.val_loss_RMSE': 0.9571589773161056, 'metrics.test_By_MAEP': 1.4402936697006226, 'metrics.train_loss_RMSE': 0.6059559925185526, 'metrics.test_Bx_MAEP': 0.9728914499282837, 'metrics.test_RMSE': 0.6018723196882125, 'metrics.test_Bx_MAE': 0.25849008560180664, 'metrics.test_MAE_norm': 0.5010248970186881, 'metrics.test_Bz_MAE': 0.33726686239242554, 'metrics.test_Bz_MAEP': 3.8243768215179443, 'metrics.final_val_loss': nan}"
1e028c605a224a45959475d5f8e9e7c8,nested,"{'params.activation': 'wavelet', 'params.n_layers': '8', 'params.hidden_units': '250', 'params.batch_size': '128', 'params.learning rate': '0.0003981171227670023'}","{'metrics.lowest_val_loss': 1.3620810647136155, 'metrics.test_MAPE_norm': inf, 'metrics.test_By_MAE': 0.46109628677368164, 'metrics.val_loss_RMSE': 1.4068584438731655, 'metrics.test_By_MAEP': 2.5529625415802, 'metrics.train_loss_RMSE': 0.8892310427331089, 'metrics.test_Bx_MAEP': 1.7694895267486572, 'metrics.test_RMSE': 1.363187940454848, 'metrics.test_Bx_MAE': 0.46068456768989563, 'metrics.test_MAE_norm': 0.8884289863577299, 'metrics.test_Bz_MAE': 0.5955832600593567, 'metrics.test_Bz_MAEP': 6.630553722381592, 'metrics.final_val_loss': nan}"
b5eddb1c3d744c5998f95fa14b0dcfc4,nested,"{'params.activation': 'ReLU', 'params.n_layers': '6', 'params.hidden_units': '240', 'params.batch_size': '128', 'params.learning rate': '0.0004890369522601971'}","{'metrics.lowest_val_loss': 0.6564421150608357, 'metrics.test_MAPE_norm': inf, 'metrics.test_By_MAE': 0.2778189778327942, 'metrics.val_loss_RMSE': 0.8065598901281702, 'metrics.test_By_MAEP': 1.5670194625854492, 'metrics.train_loss_RMSE': 0.6320040080577113, 'metrics.test_Bx_MAEP': 0.988534688949585, 'metrics.test_RMSE': 0.6429849241444647, 'metrics.test_Bx_MAE': 0.26220500469207764, 'metrics.test_MAE_norm': 0.5276851561366086, 'metrics.test_Bz_MAE': 0.3611489236354828, 'metrics.test_Bz_MAEP': 4.240574836730957, 'metrics.final_val_loss': nan}"
95643871a3cb47089169002adc6efc0b,nested,"{'params.activation': 'ReLU', 'params.n_layers': '6', 'params.hidden_units': '245', 'params.batch_size': '128', 'params.learning rate': '0.000441611542931963'}","{'metrics.lowest_val_loss': 0.6682127610769867, 'metrics.test_MAPE_norm': inf, 'metrics.test_By_MAE': 0.297208309173584, 'metrics.val_loss_RMSE': 0.6837612642673706, 'metrics.test_By_MAEP': 1.6937263011932373, 'metrics.train_loss_RMSE': 0.49801325523843476, 'metrics.test_Bx_MAEP': 1.0916639566421509, 'metrics.test_RMSE': 0.6680606979529963, 'metrics.test_Bx_MAE': 0.28824225068092346, 'metrics.test_MAE_norm': 0.5414531129684175, 'metrics.test_Bz_MAE': 0.3450392782688141, 'metrics.test_Bz_MAEP': 4.027951240539551, 'metrics.final_val_loss': nan}"
787db843c6f945d4b057bf421792d184,nested,"{'params.activation': 'ReLU', 'params.n_layers': '6', 'params.hidden_units': '239', 'params.batch_size': '128', 'params.learning rate': '0.0005520383033981243'}","{'metrics.lowest_val_loss': 0.6390808991245741, 'metrics.test_MAPE_norm': inf, 'metrics.test_By_MAE': 0.2882295250892639, 'metrics.val_loss_RMSE': 0.6811708915330631, 'metrics.test_By_MAEP': 1.622145414352417, 'metrics.train_loss_RMSE': 0.48348557087360067, 'metrics.test_Bx_MAEP': 1.0067285299301147, 'metrics.test_RMSE': 0.6358073970613348, 'metrics.test_Bx_MAE': 0.2675892412662506, 'metrics.test_MAE_norm': 0.522649014252795, 'metrics.test_Bz_MAE': 0.3406716585159302, 'metrics.test_Bz_MAEP': 4.213815689086914, 'metrics.final_val_loss': nan}"
8434e1b1860842d5ba3bd33fb755791f,nested,"{'params.activation': 'ReLU', 'params.n_layers': '6', 'params.hidden_units': '246', 'params.batch_size': '128', 'params.learning rate': '0.0004014336792147568'}","{'metrics.lowest_val_loss': 0.6358198794626378, 'metrics.test_MAPE_norm': inf, 'metrics.test_By_MAE': 0.2663913369178772, 'metrics.val_loss_RMSE': 0.941470345365003, 'metrics.test_By_MAEP': 1.562061071395874, 'metrics.train_loss_RMSE': 0.7176213181552963, 'metrics.test_Bx_MAEP': 0.9531530141830444, 'metrics.test_RMSE': 0.6327458593925246, 'metrics.test_Bx_MAE': 0.2514575719833374, 'metrics.test_MAE_norm': 0.5005258736713081, 'metrics.test_Bz_MAE': 0.3378538489341736, 'metrics.test_Bz_MAEP': 3.961618423461914, 'metrics.final_val_loss': nan}"
798d2cca94f641648128149ef2676d6c,nested,"{'params.activation': 'ReLU', 'params.n_layers': '6', 'params.hidden_units': '244', 'params.batch_size': '128', 'params.learning rate': '0.0004698888865144601'}","{'metrics.lowest_val_loss': 0.620057616441324, 'metrics.test_MAPE_norm': inf, 'metrics.test_By_MAE': 0.26463815569877625, 'metrics.val_loss_RMSE': 0.6695477288699229, 'metrics.test_By_MAEP': 1.439695954322815, 'metrics.train_loss_RMSE': 0.544567111389077, 'metrics.test_Bx_MAEP': 0.9680252075195312, 'metrics.test_RMSE': 0.6240123215335176, 'metrics.test_Bx_MAE': 0.2540949285030365, 'metrics.test_MAE_norm': 0.4983572969881541, 'metrics.test_Bz_MAE': 0.3339290916919708, 'metrics.test_Bz_MAEP': 3.597956418991089, 'metrics.final_val_loss': nan}"
5913f087dd554f59a16ab461b503eb43,nested,"{'params.activation': 'ReLU', 'params.n_layers': '6', 'params.hidden_units': '245', 'params.batch_size': '128', 'params.learning rate': '0.00045596527408291426'}","{'metrics.lowest_val_loss': 0.6174974189244438, 'metrics.test_MAPE_norm': inf, 'metrics.test_By_MAE': 0.2598324120044708, 'metrics.val_loss_RMSE': 0.6174974189244438, 'metrics.test_By_MAEP': 1.5639684200286865, 'metrics.train_loss_RMSE': 0.5189773078039425, 'metrics.test_Bx_MAEP': 1.0278459787368774, 'metrics.test_RMSE': 0.6208800494947879, 'metrics.test_Bx_MAE': 0.273955762386322, 'metrics.test_MAE_norm': 0.49504259000554607, 'metrics.test_Bz_MAE': 0.31681784987449646, 'metrics.test_Bz_MAEP': 3.6596856117248535, 'metrics.final_val_loss': nan}"
81ce40bfd040435285d19ebfcb5d5e61,nested,"{'params.activation': 'ReLU', 'params.n_layers': '6', 'params.hidden_units': '236', 'params.batch_size': '128', 'params.learning rate': '0.0005020377193895816'}","{'metrics.lowest_val_loss': 0.6212621608670778, 'metrics.test_MAPE_norm': inf, 'metrics.test_By_MAE': 0.25663620233535767, 'metrics.val_loss_RMSE': 0.7650145906079474, 'metrics.test_By_MAEP': 1.4505385160446167, 'metrics.train_loss_RMSE': 0.6790240211190213, 'metrics.test_Bx_MAEP': 0.9419149160385132, 'metrics.test_RMSE': 0.6139942955909182, 'metrics.test_Bx_MAE': 0.2491200864315033, 'metrics.test_MAE_norm': 0.4879301251692065, 'metrics.test_Bz_MAE': 0.32872095704078674, 'metrics.test_Bz_MAEP': 3.697244167327881, 'metrics.final_val_loss': nan}"
f026cc127a234dc3bc14e8a140d7ae99,nested,"{'params.activation': 'ReLU', 'params.n_layers': '6', 'params.hidden_units': '232', 'params.batch_size': '128', 'params.learning rate': '0.0006026463612176157'}","{'metrics.lowest_val_loss': 0.6570966435911094, 'metrics.test_MAPE_norm': inf, 'metrics.test_By_MAE': 0.29377639293670654, 'metrics.val_loss_RMSE': 0.9581987886651554, 'metrics.test_By_MAEP': 1.6465755701065063, 'metrics.train_loss_RMSE': 0.6396211371292642, 'metrics.test_Bx_MAEP': 1.036509394645691, 'metrics.test_RMSE': 0.6529024351179734, 'metrics.test_Bx_MAE': 0.2750566005706787, 'metrics.test_MAE_norm': 0.5445127702500832, 'metrics.test_Bz_MAE': 0.36411190032958984, 'metrics.test_Bz_MAEP': 4.005561828613281, 'metrics.final_val_loss': nan}"
4e5069d0a4ea4e2195c460c55e1bbfd4,nested,"{'params.activation': 'ReLU', 'params.n_layers': '6', 'params.hidden_units': '242', 'params.batch_size': '128', 'params.learning rate': '0.0005196927738159422'}","{'metrics.lowest_val_loss': 0.6491720101829962, 'metrics.test_MAPE_norm': inf, 'metrics.test_By_MAE': 0.2713167369365692, 'metrics.val_loss_RMSE': 0.6880022839785414, 'metrics.test_By_MAEP': 1.5558083057403564, 'metrics.train_loss_RMSE': 0.7029889228671748, 'metrics.test_Bx_MAEP': 1.014935851097107, 'metrics.test_RMSE': 0.6442260337545065, 'metrics.test_Bx_MAE': 0.2692086100578308, 'metrics.test_MAE_norm': 0.522912853499919, 'metrics.test_Bz_MAE': 0.3536384403705597, 'metrics.test_Bz_MAEP': 4.141565322875977, 'metrics.final_val_loss': nan}"
c435588370dd4d7ba6b20492ebf05a57,nested,"{'params.activation': 'ReLU', 'params.n_layers': '6', 'params.hidden_units': '245', 'params.batch_size': '128', 'params.learning rate': '0.0005165877072142611'}","{'metrics.lowest_val_loss': 0.5945191351944836, 'metrics.test_MAPE_norm': inf, 'metrics.test_By_MAE': 0.25419899821281433, 'metrics.val_loss_RMSE': 0.7709422826151129, 'metrics.test_By_MAEP': 1.4639465808868408, 'metrics.train_loss_RMSE': 0.6870463414443547, 'metrics.test_Bx_MAEP': 0.9765122532844543, 'metrics.test_RMSE': 0.5997606425869615, 'metrics.test_Bx_MAE': 0.2616150379180908, 'metrics.test_MAE_norm': 0.4889179947273583, 'metrics.test_Bz_MAE': 0.322732537984848, 'metrics.test_Bz_MAEP': 3.525726318359375, 'metrics.final_val_loss': nan}"
6fc19d57eae443d5b54012fed3ac6c98,nested,"{'params.activation': 'ReLU', 'params.n_layers': '6', 'params.hidden_units': '143', 'params.batch_size': '128', 'params.learning rate': '0.0004567730879383634'}","{'metrics.lowest_val_loss': 0.767782792216013, 'metrics.test_MAPE_norm': inf, 'metrics.test_By_MAE': 0.3442007899284363, 'metrics.val_loss_RMSE': 0.7688819676356763, 'metrics.test_By_MAEP': 1.918511986732483, 'metrics.train_loss_RMSE': 0.7107900862268918, 'metrics.test_Bx_MAEP': 1.236495852470398, 'metrics.test_RMSE': 0.7706833432081308, 'metrics.test_Bx_MAE': 0.3290216326713562, 'metrics.test_MAE_norm': 0.6376306135118293, 'metrics.test_Bz_MAE': 0.41974058747291565, 'metrics.test_Bz_MAEP': 4.632852077484131, 'metrics.final_val_loss': nan}"
87136db120b94b46913660bafc47f218,nested,"{'params.activation': 'ReLU', 'params.n_layers': '6', 'params.hidden_units': '250', 'params.batch_size': '128', 'params.learning rate': '5.9916698120022444e-05'}","{'metrics.lowest_val_loss': 1.2644122685206851, 'metrics.test_MAPE_norm': inf, 'metrics.test_By_MAE': 0.49520960450172424, 'metrics.val_loss_RMSE': 1.3325843258812429, 'metrics.test_By_MAEP': 2.7741291522979736, 'metrics.train_loss_RMSE': 1.0805797510373405, 'metrics.test_Bx_MAEP': 1.8885853290557861, 'metrics.test_RMSE': 1.2493230917046594, 'metrics.test_Bx_MAE': 0.48938271403312683, 'metrics.test_MAE_norm': 0.9493286529796545, 'metrics.test_Bz_MAE': 0.6389632821083069, 'metrics.test_Bz_MAEP': 7.387092113494873, 'metrics.final_val_loss': nan}"
e5568f8db84941e5ac7ae4445c4b2cb1,nested,"{'params.activation': 'ReLU', 'params.n_layers': '6', 'params.hidden_units': '236', 'params.batch_size': '128', 'params.learning rate': '0.0004135208409137764'}","{'metrics.lowest_val_loss': 0.6444400914897427, 'metrics.test_MAPE_norm': inf, 'metrics.test_By_MAE': 0.2582564055919647, 'metrics.val_loss_RMSE': 0.7958693100854273, 'metrics.test_By_MAEP': 1.4245939254760742, 'metrics.train_loss_RMSE': 0.48048070804213355, 'metrics.test_Bx_MAEP': 1.042568564414978, 'metrics.test_RMSE': 0.6503859761139903, 'metrics.test_Bx_MAE': 0.2783706486225128, 'metrics.test_MAE_norm': 0.5313570748961143, 'metrics.test_Bz_MAE': 0.3687439560890198, 'metrics.test_Bz_MAEP': 4.084219455718994, 'metrics.final_val_loss': nan}"
a4cbb50398e34570b833c4bdc532ea8b,nested,"{'params.activation': 'ReLU', 'params.n_layers': '6', 'params.hidden_units': '246', 'params.batch_size': '128', 'params.learning rate': '0.00044577986785857265'}","{'metrics.lowest_val_loss': 0.6522892492642446, 'metrics.test_MAPE_norm': inf, 'metrics.test_By_MAE': 0.2782159447669983, 'metrics.val_loss_RMSE': 0.7142111728510144, 'metrics.test_By_MAEP': 1.558789610862732, 'metrics.train_loss_RMSE': 0.5648479231209615, 'metrics.test_Bx_MAEP': 1.0604559183120728, 'metrics.test_RMSE': 0.6683888304161688, 'metrics.test_Bx_MAE': 0.27777451276779175, 'metrics.test_MAE_norm': 0.5339680633476477, 'metrics.test_Bz_MAE': 0.3578491508960724, 'metrics.test_Bz_MAEP': 4.135847091674805, 'metrics.final_val_loss': nan}"
c25e28d317ac47b8a224e40a32da6430,nested,"{'params.activation': 'ReLU', 'params.n_layers': '6', 'params.hidden_units': '246', 'params.batch_size': '128', 'params.learning rate': '0.0004403914181795682'}","{'metrics.lowest_val_loss': 0.5893167833335142, 'metrics.test_MAPE_norm': inf, 'metrics.test_By_MAE': 0.24582310020923615, 'metrics.val_loss_RMSE': 0.5893167833335142, 'metrics.test_By_MAEP': 1.3142664432525635, 'metrics.train_loss_RMSE': 0.6652118018953936, 'metrics.test_Bx_MAEP': 0.9772729277610779, 'metrics.test_RMSE': 0.5995620126608194, 'metrics.test_Bx_MAE': 0.25296756625175476, 'metrics.test_MAE_norm': 0.48040888369368595, 'metrics.test_Bz_MAE': 0.32331106066703796, 'metrics.test_Bz_MAEP': 3.499542474746704, 'metrics.final_val_loss': nan}"
720a86f0b6c74c60acc1a0ea1f1fac79,nested,"{'params.activation': 'ReLU', 'params.n_layers': '6', 'params.hidden_units': '240', 'params.batch_size': '128', 'params.learning rate': '0.00034449130205655684'}","{'metrics.lowest_val_loss': 0.6495773278728367, 'metrics.test_MAPE_norm': inf, 'metrics.test_By_MAE': 0.2717267572879791, 'metrics.val_loss_RMSE': 0.8990573080396163, 'metrics.test_By_MAEP': 1.5512043237686157, 'metrics.train_loss_RMSE': 0.5732553069336794, 'metrics.test_Bx_MAEP': 0.9589085578918457, 'metrics.test_RMSE': 0.6274030083960968, 'metrics.test_Bx_MAE': 0.2519392669200897, 'metrics.test_MAE_norm': 0.4991897581296674, 'metrics.test_Bz_MAE': 0.33153587579727173, 'metrics.test_Bz_MAEP': 3.752747058868408, 'metrics.final_val_loss': nan}"
d891f6050ec04e16b3ff152b5a32c506,nested,"{'params.activation': 'ReLU', 'params.n_layers': '6', 'params.hidden_units': '243', 'params.batch_size': '64', 'params.learning rate': '0.0003062516924829124'}","{'metrics.lowest_val_loss': 0.63778443403325, 'metrics.test_MAPE_norm': inf, 'metrics.test_By_MAE': 0.26212120056152344, 'metrics.val_loss_RMSE': 0.6949015141050199, 'metrics.test_By_MAEP': 1.8920174837112427, 'metrics.train_loss_RMSE': 0.6137483945533844, 'metrics.test_Bx_MAEP': 0.9707835912704468, 'metrics.test_RMSE': 0.6442112818298651, 'metrics.test_Bx_MAE': 0.27071139216423035, 'metrics.test_MAE_norm': 0.5266099813879962, 'metrics.test_Bz_MAE': 0.36167025566101074, 'metrics.test_Bz_MAEP': 4.482343673706055, 'metrics.final_val_loss': nan}"
4a521527c99d42b5945ac597ccf66e99,nested,"{'params.activation': 'ReLU', 'params.n_layers': '6', 'params.hidden_units': '242', 'params.batch_size': '128', 'params.learning rate': '0.0003581967744172281'}","{'metrics.lowest_val_loss': 0.6259737331009344, 'metrics.test_MAPE_norm': inf, 'metrics.test_By_MAE': 0.26843783259391785, 'metrics.val_loss_RMSE': 0.7568162030983728, 'metrics.test_By_MAEP': 1.506158709526062, 'metrics.train_loss_RMSE': 0.5961267326891481, 'metrics.test_Bx_MAEP': 0.9351709485054016, 'metrics.test_RMSE': 0.6356738487119039, 'metrics.test_Bx_MAE': 0.2516992688179016, 'metrics.test_MAE_norm': 0.49885977155854255, 'metrics.test_Bz_MAE': 0.33365458250045776, 'metrics.test_Bz_MAEP': 3.5775468349456787, 'metrics.final_val_loss': nan}"
2d1a165277f94b0bb36667e8826413f6,nested,"{'params.activation': 'ReLU', 'params.n_layers': '6', 'params.hidden_units': '250', 'params.batch_size': '128', 'params.learning rate': '0.000488963674191386'}","{'metrics.lowest_val_loss': 0.6463675735854848, 'metrics.test_MAPE_norm': inf, 'metrics.test_By_MAE': 0.27909666299819946, 'metrics.val_loss_RMSE': 0.6852072784715798, 'metrics.test_By_MAEP': 1.5239957571029663, 'metrics.train_loss_RMSE': 0.6040553627014752, 'metrics.test_Bx_MAEP': 0.9884871244430542, 'metrics.test_RMSE': 0.6492418534245082, 'metrics.test_Bx_MAE': 0.26131197810173035, 'metrics.test_MAE_norm': 0.5163609888850217, 'metrics.test_Bz_MAE': 0.34422099590301514, 'metrics.test_Bz_MAEP': 4.105259418487549, 'metrics.final_val_loss': nan}"
afad90d50a1541b585066643d9759a1b,nested,"{'params.activation': 'ReLU', 'params.n_layers': '6', 'params.hidden_units': '236', 'params.batch_size': '128', 'params.learning rate': '0.00040541112673877854'}","{'metrics.lowest_val_loss': 0.6607735561883458, 'metrics.test_MAPE_norm': inf, 'metrics.test_By_MAE': 0.27948835492134094, 'metrics.val_loss_RMSE': 0.6709083521448873, 'metrics.test_By_MAEP': 1.627497911453247, 'metrics.train_loss_RMSE': 0.6491740857766806, 'metrics.test_Bx_MAEP': 1.0537678003311157, 'metrics.test_RMSE': 0.6745144492857617, 'metrics.test_Bx_MAE': 0.2760021388530731, 'metrics.test_MAE_norm': 0.5372616842602999, 'metrics.test_Bz_MAE': 0.3635348677635193, 'metrics.test_Bz_MAEP': 4.307835578918457, 'metrics.final_val_loss': nan}"
4a404978a6dc45ca971dd0a22060ed69,nested,"{'params.activation': 'ReLU', 'params.n_layers': '6', 'params.hidden_units': '247', 'params.batch_size': '128', 'params.learning rate': '0.0005501762000472647'}","{'metrics.lowest_val_loss': 0.6604855584868439, 'metrics.test_MAPE_norm': inf, 'metrics.test_By_MAE': 0.27224814891815186, 'metrics.val_loss_RMSE': 0.7293514984209375, 'metrics.test_By_MAEP': 1.5065557956695557, 'metrics.train_loss_RMSE': 0.5338660288409782, 'metrics.test_Bx_MAEP': 1.1023930311203003, 'metrics.test_RMSE': 0.6534875437225377, 'metrics.test_Bx_MAE': 0.29031556844711304, 'metrics.test_MAE_norm': 0.5475014024659207, 'metrics.test_Bz_MAE': 0.37294355034828186, 'metrics.test_Bz_MAEP': 4.043435096740723, 'metrics.final_val_loss': nan}"
0299a437eeb84f06a9e1775e7b423dca,nested,"{'params.activation': 'ReLU', 'params.n_layers': '6', 'params.hidden_units': '239', 'params.batch_size': '128', 'params.learning rate': '0.00037980449514187224'}","{'metrics.lowest_val_loss': 0.6390514795160577, 'metrics.test_MAPE_norm': inf, 'metrics.test_By_MAE': 0.2692921757698059, 'metrics.val_loss_RMSE': 0.643621043976141, 'metrics.test_By_MAEP': 1.5034784078598022, 'metrics.train_loss_RMSE': 0.6714828501017769, 'metrics.test_Bx_MAEP': 0.9883037209510803, 'metrics.test_RMSE': 0.6343934138740086, 'metrics.test_Bx_MAE': 0.26672375202178955, 'metrics.test_MAE_norm': 0.5074161418031847, 'metrics.test_Bz_MAE': 0.33407294750213623, 'metrics.test_Bz_MAEP': 3.75797963142395, 'metrics.final_val_loss': nan}"
e19e01945cc645eb95218e4ee9ff3385,nested,"{'params.activation': 'tanh', 'params.n_layers': '6', 'params.hidden_units': '245', 'params.batch_size': '128', 'params.learning rate': '0.0004464700467837843'}","{'metrics.lowest_val_loss': 0.9138744895776971, 'metrics.test_MAPE_norm': inf, 'metrics.test_By_MAE': 0.38937339186668396, 'metrics.val_loss_RMSE': 1.0591123142150745, 'metrics.test_By_MAEP': 2.1037304401397705, 'metrics.train_loss_RMSE': 0.7471531907063944, 'metrics.test_Bx_MAEP': 1.496681809425354, 'metrics.test_RMSE': 0.9142333907465189, 'metrics.test_Bx_MAE': 0.38774996995925903, 'metrics.test_MAE_norm': 0.7358269021271518, 'metrics.test_Bz_MAE': 0.4843139350414276, 'metrics.test_Bz_MAEP': 5.8046417236328125, 'metrics.final_val_loss': nan}"
dcc5acde867245cdb536d890cad0403c,nested,"{'params.activation': 'ReLU', 'params.n_layers': '6', 'params.hidden_units': '241', 'params.batch_size': '128', 'params.learning rate': '0.0004979346340684414'}","{'metrics.lowest_val_loss': 0.6588843966461064, 'metrics.test_MAPE_norm': inf, 'metrics.test_By_MAE': 0.3091503977775574, 'metrics.val_loss_RMSE': 0.816503133055664, 'metrics.test_By_MAEP': 1.660529613494873, 'metrics.train_loss_RMSE': 0.6324042110422727, 'metrics.test_Bx_MAEP': 1.0167995691299438, 'metrics.test_RMSE': 0.6581517765316991, 'metrics.test_Bx_MAE': 0.2775534987449646, 'metrics.test_MAE_norm': 0.5556367041106429, 'metrics.test_Bz_MAE': 0.3656003773212433, 'metrics.test_Bz_MAEP': 4.059220314025879, 'metrics.final_val_loss': nan}"
aa894efea9884d19ace31b38c5ce3ad6,nested,"{'params.activation': 'ReLU', 'params.n_layers': '6', 'params.hidden_units': '250', 'params.batch_size': '128', 'params.learning rate': '0.00041500541313566205'}","{'metrics.lowest_val_loss': 0.6214174354592208, 'metrics.test_MAPE_norm': inf, 'metrics.test_By_MAE': 0.26068294048309326, 'metrics.val_loss_RMSE': 0.7503853104939895, 'metrics.test_By_MAEP': 1.5264852046966553, 'metrics.train_loss_RMSE': 0.5601838517379765, 'metrics.test_Bx_MAEP': 0.9268801212310791, 'metrics.test_RMSE': 0.6206861078129974, 'metrics.test_Bx_MAE': 0.24968747794628143, 'metrics.test_MAE_norm': 0.49800823493437335, 'metrics.test_Bz_MAE': 0.3400919437408447, 'metrics.test_Bz_MAEP': 3.9794106483459473, 'metrics.final_val_loss': nan}"
9c1e373651cf4181b09e127cfbf73df9,nested,"{'params.activation': 'ReLU', 'params.n_layers': '6', 'params.hidden_units': '246', 'params.batch_size': '128', 'params.learning rate': '0.0004531833430362011'}","{'metrics.lowest_val_loss': 0.6379780547294318, 'metrics.test_MAPE_norm': inf, 'metrics.test_By_MAE': 0.26698485016822815, 'metrics.val_loss_RMSE': 1.0310212564756644, 'metrics.test_By_MAEP': 1.5647532939910889, 'metrics.train_loss_RMSE': 0.6220780265841848, 'metrics.test_Bx_MAEP': 0.9867969751358032, 'metrics.test_RMSE': 0.6370910374197922, 'metrics.test_Bx_MAE': 0.2647930383682251, 'metrics.test_MAE_norm': 0.5041467135317588, 'metrics.test_Bz_MAE': 0.3322056233882904, 'metrics.test_Bz_MAEP': 3.5080173015594482, 'metrics.final_val_loss': nan}"
a097ee8a06ad4716ae99cb1eef2e3ad9,nested,"{'params.activation': 'ReLU', 'params.n_layers': '6', 'params.hidden_units': '232', 'params.batch_size': '128', 'params.learning rate': '0.0004131168941132945'}","{'metrics.lowest_val_loss': 0.6386397344820007, 'metrics.test_MAPE_norm': inf, 'metrics.test_By_MAE': 0.2616649568080902, 'metrics.val_loss_RMSE': 0.8516394327284974, 'metrics.test_By_MAEP': 1.431143045425415, 'metrics.train_loss_RMSE': 0.5337617582707045, 'metrics.test_Bx_MAEP': 1.017768383026123, 'metrics.test_RMSE': 0.64198048182667, 'metrics.test_Bx_MAE': 0.2699693739414215, 'metrics.test_MAE_norm': 0.5062988544480082, 'metrics.test_Bz_MAE': 0.3360574543476105, 'metrics.test_Bz_MAEP': 3.6582436561584473, 'metrics.final_val_loss': nan}"
c44dd505934944a2b9aa38e70857f6d4,nested,"{'params.activation': 'ReLU', 'params.n_layers': '6', 'params.hidden_units': '241', 'params.batch_size': '128', 'params.learning rate': '0.0003474706578192224'}","{'metrics.lowest_val_loss': 0.6183006256370949, 'metrics.test_MAPE_norm': inf, 'metrics.test_By_MAE': 0.25959503650665283, 'metrics.val_loss_RMSE': 0.6183006256370949, 'metrics.test_By_MAEP': 1.4156972169876099, 'metrics.train_loss_RMSE': 0.571538999389673, 'metrics.test_Bx_MAEP': 0.9498928785324097, 'metrics.test_RMSE': 0.624276818907383, 'metrics.test_Bx_MAE': 0.25827735662460327, 'metrics.test_MAE_norm': 0.4893123508925643, 'metrics.test_Bz_MAE': 0.32144901156425476, 'metrics.test_Bz_MAEP': 3.5840625762939453, 'metrics.final_val_loss': nan}"
217280257e914de29781424870dd3495,nested,"{'params.activation': 'ReLU', 'params.n_layers': '6', 'params.hidden_units': '229', 'params.batch_size': '128', 'params.learning rate': '0.0004678833328248777'}","{'metrics.lowest_val_loss': 0.6379282367024623, 'metrics.test_MAPE_norm': inf, 'metrics.test_By_MAE': 0.278685599565506, 'metrics.val_loss_RMSE': 0.8525848375889199, 'metrics.test_By_MAEP': 1.576159119606018, 'metrics.train_loss_RMSE': 0.6737802068927893, 'metrics.test_Bx_MAEP': 1.0364340543746948, 'metrics.test_RMSE': 0.6356901692961232, 'metrics.test_Bx_MAE': 0.275212824344635, 'metrics.test_MAE_norm': 0.5211251131370307, 'metrics.test_Bz_MAE': 0.34047627449035645, 'metrics.test_Bz_MAEP': 3.7554829120635986, 'metrics.final_val_loss': nan}"
4e9d4beeaff54c02b41d332829b33886,nested,"{'params.activation': 'ReLU', 'params.n_layers': '6', 'params.hidden_units': '237', 'params.batch_size': '128', 'params.learning rate': '0.0005293864674608159'}","{'metrics.lowest_val_loss': 0.6305407064071706, 'metrics.test_MAPE_norm': inf, 'metrics.test_By_MAE': 0.27265939116477966, 'metrics.val_loss_RMSE': 0.7401673407001166, 'metrics.test_By_MAEP': 1.5305296182632446, 'metrics.train_loss_RMSE': 0.5368081168002327, 'metrics.test_Bx_MAEP': 1.0224580764770508, 'metrics.test_RMSE': 0.6322299603514334, 'metrics.test_Bx_MAE': 0.26745542883872986, 'metrics.test_MAE_norm': 0.5074108178820906, 'metrics.test_Bz_MAE': 0.3309333622455597, 'metrics.test_Bz_MAEP': 3.805101156234741, 'metrics.final_val_loss': nan}"
197e51f6fa4846d6b990bc511eb7888a,nested,"{'params.activation': 'ReLU', 'params.n_layers': '6', 'params.hidden_units': '234', 'params.batch_size': '128', 'params.learning rate': '0.0004920905936037232'}","{'metrics.lowest_val_loss': 0.6535870727453864, 'metrics.test_MAPE_norm': inf, 'metrics.test_By_MAE': 0.2775188386440277, 'metrics.val_loss_RMSE': 0.7269534122582966, 'metrics.test_By_MAEP': 1.5206236839294434, 'metrics.train_loss_RMSE': 0.6483910182268298, 'metrics.test_Bx_MAEP': 1.0657445192337036, 'metrics.test_RMSE': 0.6539342115847416, 'metrics.test_Bx_MAE': 0.2820837199687958, 'metrics.test_MAE_norm': 0.5331096121568999, 'metrics.test_Bz_MAE': 0.3538736402988434, 'metrics.test_Bz_MAEP': 3.8456790447235107, 'metrics.final_val_loss': nan}"
222cea53756a4b4ea17e79b948ce4229,nested,"{'params.activation': 'ReLU', 'params.n_layers': '6', 'params.hidden_units': '227', 'params.batch_size': '128', 'params.learning rate': '0.0005771401419942994'}","{'metrics.lowest_val_loss': 0.6551791349387146, 'metrics.test_MAPE_norm': inf, 'metrics.test_By_MAE': 0.28273165225982666, 'metrics.val_loss_RMSE': 0.7364303877321062, 'metrics.test_By_MAEP': 1.581404447555542, 'metrics.train_loss_RMSE': 0.64766542169439, 'metrics.test_Bx_MAEP': 1.0942808389663696, 'metrics.test_RMSE': 0.6555037968462609, 'metrics.test_Bx_MAE': 0.28646788001060486, 'metrics.test_MAE_norm': 0.5415454889028266, 'metrics.test_Bz_MAE': 0.35932427644729614, 'metrics.test_Bz_MAEP': 4.056681156158447, 'metrics.final_val_loss': nan}"
5e59a8b95fa94425a6e5b35136103fb0,nested,"{'params.activation': 'ReLU', 'params.n_layers': '6', 'params.hidden_units': '237', 'params.batch_size': '128', 'params.learning rate': '0.0004930753640702979'}","{'metrics.lowest_val_loss': 0.6164477489121307, 'metrics.test_MAPE_norm': inf, 'metrics.test_By_MAE': 0.2517528533935547, 'metrics.val_loss_RMSE': 1.004024632475494, 'metrics.test_By_MAEP': 1.4754207134246826, 'metrics.train_loss_RMSE': 0.5547478393977261, 'metrics.test_Bx_MAEP': 0.9334437847137451, 'metrics.test_RMSE': 0.5942500293330159, 'metrics.test_Bx_MAE': 0.2509840130805969, 'metrics.test_MAE_norm': 0.486853532671358, 'metrics.test_Bz_MAE': 0.32958540320396423, 'metrics.test_Bz_MAEP': 3.6803839206695557, 'metrics.final_val_loss': nan}"
455590711796437fa597f017c8c4248a,nested,"{'params.activation': 'ReLU', 'params.n_layers': '6', 'params.hidden_units': '239', 'params.batch_size': '128', 'params.learning rate': '0.000426208003089668'}","{'metrics.lowest_val_loss': 0.6183398463595172, 'metrics.test_MAPE_norm': inf, 'metrics.test_By_MAE': 0.26056647300720215, 'metrics.val_loss_RMSE': 0.6674991280422635, 'metrics.test_By_MAEP': 1.4470725059509277, 'metrics.train_loss_RMSE': 0.6051166796344694, 'metrics.test_Bx_MAEP': 1.0007537603378296, 'metrics.test_RMSE': 0.6212545524631178, 'metrics.test_Bx_MAE': 0.26642292737960815, 'metrics.test_MAE_norm': 0.49289750596552945, 'metrics.test_Bz_MAE': 0.3195389211177826, 'metrics.test_Bz_MAEP': 3.722343683242798, 'metrics.final_val_loss': nan}"
962cca8c439d4d8f8d74765f7c3dd9b6,nested,"{'params.activation': 'ReLU', 'params.n_layers': '6', 'params.hidden_units': '239', 'params.batch_size': '128', 'params.learning rate': '0.0004146911104472127'}","{'metrics.lowest_val_loss': 0.6031667302679442, 'metrics.test_MAPE_norm': inf, 'metrics.test_By_MAE': 0.26399314403533936, 'metrics.val_loss_RMSE': 0.6416957411388239, 'metrics.test_By_MAEP': 1.4495269060134888, 'metrics.train_loss_RMSE': 0.4600100036450419, 'metrics.test_Bx_MAEP': 0.9534724950790405, 'metrics.test_RMSE': 0.6006757017612344, 'metrics.test_Bx_MAE': 0.24975238740444183, 'metrics.test_MAE_norm': 0.4901225039263091, 'metrics.test_Bz_MAE': 0.325899213552475, 'metrics.test_Bz_MAEP': 3.733574867248535, 'metrics.final_val_loss': nan}"
85f078d5b901483dae59be447cc8de1e,nested,"{'params.activation': 'ReLU', 'params.n_layers': '6', 'params.hidden_units': '245', 'params.batch_size': '128', 'params.learning rate': '0.0003805870505418183'}","{'metrics.lowest_val_loss': 0.6341491320237427, 'metrics.test_MAPE_norm': inf, 'metrics.test_By_MAE': 0.2545356750488281, 'metrics.val_loss_RMSE': 0.6341491320237427, 'metrics.test_By_MAEP': 1.414983868598938, 'metrics.train_loss_RMSE': 0.5492453700289983, 'metrics.test_Bx_MAEP': 1.0370112657546997, 'metrics.test_RMSE': 0.6328871459487879, 'metrics.test_Bx_MAE': 0.27445197105407715, 'metrics.test_MAE_norm': 0.504687517311014, 'metrics.test_Bz_MAE': 0.33525824546813965, 'metrics.test_Bz_MAEP': 3.8101367950439453, 'metrics.final_val_loss': nan}"
736238c1d06244e3aedf6724ca75ba75,nested,"{'params.activation': 'ReLU', 'params.n_layers': '6', 'params.hidden_units': '246', 'params.batch_size': '128', 'params.learning rate': '0.00047724358194504583'}","{'metrics.lowest_val_loss': 0.6359563178198107, 'metrics.test_MAPE_norm': inf, 'metrics.test_By_MAE': 0.26650258898735046, 'metrics.val_loss_RMSE': 0.8224001949331667, 'metrics.test_By_MAEP': 1.5492087602615356, 'metrics.train_loss_RMSE': 0.5794085596216068, 'metrics.test_Bx_MAEP': 1.0127211809158325, 'metrics.test_RMSE': 0.6368758869664258, 'metrics.test_Bx_MAE': 0.271298348903656, 'metrics.test_MAE_norm': 0.5182179502037724, 'metrics.test_Bz_MAE': 0.34873905777931213, 'metrics.test_Bz_MAEP': 3.9159810543060303, 'metrics.final_val_loss': nan}"
2a6b72074ff6427680d6dcbc64c96f75,nested,"{'params.activation': 'ReLU', 'params.n_layers': '6', 'params.hidden_units': '233', 'params.batch_size': '128', 'params.learning rate': '0.00038718419420585046'}","{'metrics.lowest_val_loss': 0.6294164716677262, 'metrics.test_MAPE_norm': inf, 'metrics.test_By_MAE': 0.2521957755088806, 'metrics.val_loss_RMSE': 0.8665174512051266, 'metrics.test_By_MAEP': 1.4644098281860352, 'metrics.train_loss_RMSE': 0.5297210757182479, 'metrics.test_Bx_MAEP': 0.927076518535614, 'metrics.test_RMSE': 0.611586450834275, 'metrics.test_Bx_MAE': 0.2537583112716675, 'metrics.test_MAE_norm': 0.48797611200638363, 'metrics.test_Bz_MAE': 0.32865992188453674, 'metrics.test_Bz_MAEP': 3.789325475692749, 'metrics.final_val_loss': nan}"
8524a94475d3453a9df93a6e1bae9f31,nested,"{'params.activation': 'ReLU', 'params.n_layers': '6', 'params.hidden_units': '242', 'params.batch_size': '128', 'params.learning rate': '0.0004291227865407246'}","{'metrics.lowest_val_loss': 0.6534575244907322, 'metrics.test_MAPE_norm': inf, 'metrics.test_By_MAE': 0.2712840437889099, 'metrics.val_loss_RMSE': 0.7157294646567779, 'metrics.test_By_MAEP': 1.5900195837020874, 'metrics.train_loss_RMSE': 0.6337205827889619, 'metrics.test_Bx_MAEP': 0.9894114136695862, 'metrics.test_RMSE': 0.6538499836043494, 'metrics.test_Bx_MAE': 0.2637966275215149, 'metrics.test_MAE_norm': 0.5199759484192972, 'metrics.test_Bz_MAE': 0.3535726070404053, 'metrics.test_Bz_MAEP': 3.9640560150146484, 'metrics.final_val_loss': nan}"
009fafc6b7c640dbbc668e5ce49d6942,nested,"{'params.activation': 'ReLU', 'params.n_layers': '6', 'params.hidden_units': '237', 'params.batch_size': '128', 'params.learning rate': '0.0005221222212434663'}","{'metrics.lowest_val_loss': 0.6509479143991482, 'metrics.test_MAPE_norm': inf, 'metrics.test_By_MAE': 0.27253177762031555, 'metrics.val_loss_RMSE': 0.73669703767364, 'metrics.test_By_MAEP': 1.4618690013885498, 'metrics.train_loss_RMSE': 0.6869192205246936, 'metrics.test_Bx_MAEP': 1.0476945638656616, 'metrics.test_RMSE': 0.6541221206026567, 'metrics.test_Bx_MAE': 0.2830723524093628, 'metrics.test_MAE_norm': 0.5416694657083904, 'metrics.test_Bz_MAE': 0.37003767490386963, 'metrics.test_Bz_MAEP': 4.002098560333252, 'metrics.final_val_loss': nan}"
68e892d8b8014746b409c91bc86cd7f3,nested,"{'params.activation': 'wavelet', 'params.n_layers': '6', 'params.hidden_units': '250', 'params.batch_size': '128', 'params.learning rate': '0.00044711204740259953'}","{'metrics.lowest_val_loss': 1.2507520985142437, 'metrics.test_MAPE_norm': inf, 'metrics.test_By_MAE': 0.45032799243927, 'metrics.val_loss_RMSE': 1.2808241837684933, 'metrics.test_By_MAEP': 2.424828290939331, 'metrics.train_loss_RMSE': 0.8822383351583687, 'metrics.test_Bx_MAEP': 1.7648706436157227, 'metrics.test_RMSE': 1.2415182889207959, 'metrics.test_Bx_MAE': 0.4526628851890564, 'metrics.test_MAE_norm': 0.8659453449066746, 'metrics.test_Bz_MAE': 0.5775774717330933, 'metrics.test_Bz_MAEP': 6.74116849899292, 'metrics.final_val_loss': nan}"
d2369419f2214867b0744ebb61e10a84,nested,"{'params.activation': 'ReLU', 'params.n_layers': '6', 'params.hidden_units': '246', 'params.batch_size': '128', 'params.learning rate': '0.0004358205127926621'}","{'metrics.lowest_val_loss': 0.6164548648074847, 'metrics.test_MAPE_norm': inf, 'metrics.test_By_MAE': 0.2677295207977295, 'metrics.val_loss_RMSE': 0.6426178555669265, 'metrics.test_By_MAEP': 1.438348412513733, 'metrics.train_loss_RMSE': 0.5956604446427516, 'metrics.test_Bx_MAEP': 0.9656983017921448, 'metrics.test_RMSE': 0.6108726135014603, 'metrics.test_Bx_MAE': 0.25233832001686096, 'metrics.test_MAE_norm': 0.5118366250295958, 'metrics.test_Bz_MAE': 0.35285285115242004, 'metrics.test_Bz_MAEP': 3.8198509216308594, 'metrics.final_val_loss': nan}"
ba6babd1cf9d4476840850f3f40e9794,nested,"{'params.activation': 'ReLU', 'params.n_layers': '6', 'params.hidden_units': '243', 'params.batch_size': '128', 'params.learning rate': '0.0004887619656594492'}","{'metrics.lowest_val_loss': 0.6217658101161748, 'metrics.test_MAPE_norm': inf, 'metrics.test_By_MAE': 0.26026681065559387, 'metrics.val_loss_RMSE': 0.7153327941154902, 'metrics.test_By_MAEP': 1.50454580783844, 'metrics.train_loss_RMSE': 0.540907229483679, 'metrics.test_Bx_MAEP': 0.9657385349273682, 'metrics.test_RMSE': 0.6135098276056857, 'metrics.test_Bx_MAE': 0.259256511926651, 'metrics.test_MAE_norm': 0.49543904844653663, 'metrics.test_Bz_MAE': 0.32930195331573486, 'metrics.test_Bz_MAEP': 3.637502431869507, 'metrics.final_val_loss': nan}"
56543cb02a90435a9e04f26ac2d09fcd,nested,"{'params.activation': 'ReLU', 'params.n_layers': '6', 'params.hidden_units': '250', 'params.batch_size': '128', 'params.learning rate': '0.000420594589250609'}","{'metrics.lowest_val_loss': 0.6320865362884951, 'metrics.test_MAPE_norm': inf, 'metrics.test_By_MAE': 0.27830684185028076, 'metrics.val_loss_RMSE': 0.8013272917883206, 'metrics.test_By_MAEP': 1.5034126043319702, 'metrics.train_loss_RMSE': 0.5496802934559357, 'metrics.test_Bx_MAEP': 1.0256463289260864, 'metrics.test_RMSE': 0.6413755698176462, 'metrics.test_Bx_MAE': 0.2716659903526306, 'metrics.test_MAE_norm': 0.5220408171557924, 'metrics.test_Bz_MAE': 0.34537556767463684, 'metrics.test_Bz_MAEP': 3.8164408206939697, 'metrics.final_val_loss': nan}"
72b0cda74b8e440b8f79960ec8332768,nested,"{'params.activation': 'ReLU', 'params.n_layers': '6', 'params.hidden_units': '242', 'params.batch_size': '128', 'params.learning rate': '0.00033251928858073275'}","{'metrics.lowest_val_loss': 0.664367436965273, 'metrics.test_MAPE_norm': inf, 'metrics.test_By_MAE': 0.28066739439964294, 'metrics.val_loss_RMSE': 0.8603010622024078, 'metrics.test_By_MAEP': 1.5471141338348389, 'metrics.train_loss_RMSE': 0.6205588529405947, 'metrics.test_Bx_MAEP': 1.0949838161468506, 'metrics.test_RMSE': 0.6673583645172975, 'metrics.test_Bx_MAE': 0.2833411395549774, 'metrics.test_MAE_norm': 0.5300304768473337, 'metrics.test_Bz_MAE': 0.34547188878059387, 'metrics.test_Bz_MAEP': 3.7500407695770264, 'metrics.final_val_loss': nan}"
3ecfb5ec35104552bfb9238cc9aa8ae3,nested,"{'params.activation': 'ReLU', 'params.n_layers': '6', 'params.hidden_units': '246', 'params.batch_size': '128', 'params.learning rate': '0.0003794537425421407'}","{'metrics.lowest_val_loss': 0.634378108207314, 'metrics.test_MAPE_norm': inf, 'metrics.test_By_MAE': 0.2580634653568268, 'metrics.val_loss_RMSE': 0.7276546447355382, 'metrics.test_By_MAEP': 1.459132194519043, 'metrics.train_loss_RMSE': 0.536603403257544, 'metrics.test_Bx_MAEP': 0.9888920187950134, 'metrics.test_RMSE': 0.6267532825948281, 'metrics.test_Bx_MAE': 0.25438252091407776, 'metrics.test_MAE_norm': 0.491902415832264, 'metrics.test_Bz_MAE': 0.3291665017604828, 'metrics.test_Bz_MAEP': 3.702723503112793, 'metrics.final_val_loss': nan}"
6382170e84584eb88793c2dc5099f0cb,nested,"{'params.activation': 'ReLU', 'params.n_layers': '6', 'params.hidden_units': '238', 'params.batch_size': '128', 'params.learning rate': '0.0006304847631873699'}","{'metrics.lowest_val_loss': 0.6524170975918524, 'metrics.test_MAPE_norm': inf, 'metrics.test_By_MAE': 0.2701646685600281, 'metrics.val_loss_RMSE': 0.6524170975918524, 'metrics.test_By_MAEP': 1.5591017007827759, 'metrics.train_loss_RMSE': 0.6867342817608061, 'metrics.test_Bx_MAEP': 1.0538723468780518, 'metrics.test_RMSE': 0.6560508868576647, 'metrics.test_Bx_MAE': 0.2798091471195221, 'metrics.test_MAE_norm': 0.530384102221311, 'metrics.test_Bz_MAE': 0.3576549291610718, 'metrics.test_Bz_MAEP': 3.836362600326538, 'metrics.final_val_loss': nan}"
bfaa653e160f48a99cf9da9e57430a14,nested,"{'params.activation': 'ReLU', 'params.n_layers': '6', 'params.hidden_units': '232', 'params.batch_size': '128', 'params.learning rate': '0.0005471047113136612'}","{'metrics.lowest_val_loss': 0.6326713759193761, 'metrics.test_MAPE_norm': inf, 'metrics.test_By_MAE': 0.2720637023448944, 'metrics.val_loss_RMSE': 0.6326713759193761, 'metrics.test_By_MAEP': 1.4473177194595337, 'metrics.train_loss_RMSE': 0.5687655029286532, 'metrics.test_Bx_MAEP': 0.9631475806236267, 'metrics.test_RMSE': 0.6149333591490993, 'metrics.test_Bx_MAE': 0.2610780596733093, 'metrics.test_MAE_norm': 0.5026231707568374, 'metrics.test_Bz_MAE': 0.3291913568973541, 'metrics.test_Bz_MAEP': 3.8683388233184814, 'metrics.final_val_loss': nan}"
d58526f4afcb44e8936b68832e8e3d5b,nested,"{'params.activation': 'ReLU', 'params.n_layers': '6', 'params.hidden_units': '245', 'params.batch_size': '128', 'params.learning rate': '0.00046050921284950257'}","{'metrics.lowest_val_loss': 0.6533391588229168, 'metrics.test_MAPE_norm': inf, 'metrics.test_By_MAE': 0.2809773087501526, 'metrics.val_loss_RMSE': 0.6683114286622263, 'metrics.test_By_MAEP': 1.5978487730026245, 'metrics.train_loss_RMSE': 0.5560236427273597, 'metrics.test_Bx_MAEP': 1.0459941625595093, 'metrics.test_RMSE': 0.6581969283963724, 'metrics.test_Bx_MAE': 0.27179190516471863, 'metrics.test_MAE_norm': 0.5323517466561075, 'metrics.test_Bz_MAE': 0.3581656217575073, 'metrics.test_Bz_MAEP': 3.8506877422332764, 'metrics.final_val_loss': nan}"
8aea26a8bea5436899dc658ffc05c35a,nested,"{'params.activation': 'ReLU', 'params.n_layers': '6', 'params.hidden_units': '240', 'params.batch_size': '128', 'params.learning rate': '0.0001471993997504583'}","{'metrics.lowest_val_loss': 0.8064770948364854, 'metrics.test_MAPE_norm': inf, 'metrics.test_By_MAE': 0.31896311044692993, 'metrics.val_loss_RMSE': 0.9120900803904469, 'metrics.test_By_MAEP': 1.9125040769577026, 'metrics.train_loss_RMSE': 0.720033714944891, 'metrics.test_Bx_MAEP': 1.2322272062301636, 'metrics.test_RMSE': 0.8137253173054879, 'metrics.test_Bx_MAE': 0.3313208520412445, 'metrics.test_MAE_norm': 0.6332711935328524, 'metrics.test_Bz_MAE': 0.4308033585548401, 'metrics.test_Bz_MAEP': 4.798712253570557, 'metrics.final_val_loss': nan}"
796a2c351c554797b4df8db1b0f80abf,nested,"{'params.activation': 'ReLU', 'params.n_layers': '6', 'params.hidden_units': '235', 'params.batch_size': '128', 'params.learning rate': '0.00035125788899840376'}","{'metrics.lowest_val_loss': 0.6411489383980336, 'metrics.test_MAPE_norm': inf, 'metrics.test_By_MAE': 0.27601122856140137, 'metrics.val_loss_RMSE': 1.005519696053631, 'metrics.test_By_MAEP': 1.46272873878479, 'metrics.train_loss_RMSE': 0.6005307027104313, 'metrics.test_Bx_MAEP': 1.0148046016693115, 'metrics.test_RMSE': 0.6485545588800379, 'metrics.test_Bx_MAE': 0.27107271552085876, 'metrics.test_MAE_norm': 0.5106910440054807, 'metrics.test_Bz_MAE': 0.33016449213027954, 'metrics.test_Bz_MAEP': 3.7508015632629395, 'metrics.final_val_loss': nan}"
de0764fbb3cc4b85bbb44bc3c7fc3ce6,nested,"{'params.activation': 'ReLU', 'params.n_layers': '6', 'params.hidden_units': '243', 'params.batch_size': '128', 'params.learning rate': '0.00040159504988882737'}","{'metrics.lowest_val_loss': 0.6302173650101258, 'metrics.test_MAPE_norm': inf, 'metrics.test_By_MAE': 0.26726025342941284, 'metrics.val_loss_RMSE': 0.7498399123399622, 'metrics.test_By_MAEP': 1.486940860748291, 'metrics.train_loss_RMSE': 0.5860387610071234, 'metrics.test_Bx_MAEP': 0.9899204969406128, 'metrics.test_RMSE': 0.6428966121008876, 'metrics.test_Bx_MAE': 0.25920403003692627, 'metrics.test_MAE_norm': 0.5118404541289407, 'metrics.test_Bz_MAE': 0.3483777344226837, 'metrics.test_Bz_MAEP': 4.0484514236450195, 'metrics.final_val_loss': nan}"
e4f4fa1ac29c4d38802e480677adfd7d,nested,"{'params.activation': 'ReLU', 'params.n_layers': '3', 'params.hidden_units': '250', 'params.batch_size': '128', 'params.learning rate': '0.0004959673649679578'}","{'metrics.lowest_val_loss': 0.8132877771273016, 'metrics.test_MAPE_norm': inf, 'metrics.test_By_MAE': 0.3583686351776123, 'metrics.val_loss_RMSE': 0.9026550493798041, 'metrics.test_By_MAEP': 1.990232229232788, 'metrics.train_loss_RMSE': 0.68186729272535, 'metrics.test_Bx_MAEP': 1.3820199966430664, 'metrics.test_RMSE': 0.8153282157257504, 'metrics.test_Bx_MAE': 0.36716535687446594, 'metrics.test_MAE_norm': 0.6986894382244092, 'metrics.test_Bz_MAE': 0.47079557180404663, 'metrics.test_Bz_MAEP': 5.187015056610107, 'metrics.final_val_loss': nan}"
bdb88cbf6f0646c4b0e0e243aa4421e2,nested,"{'params.activation': 'ReLU', 'params.n_layers': '6', 'params.hidden_units': '246', 'params.batch_size': '128', 'params.learning rate': '0.00037283747839377446'}","{'metrics.lowest_val_loss': 0.6371698054818274, 'metrics.test_MAPE_norm': inf, 'metrics.test_By_MAE': 0.2776973247528076, 'metrics.val_loss_RMSE': 0.7710750325118244, 'metrics.test_By_MAEP': 1.5080862045288086, 'metrics.train_loss_RMSE': 0.637445158027449, 'metrics.test_Bx_MAEP': 1.0937535762786865, 'metrics.test_RMSE': 0.6468327167112617, 'metrics.test_Bx_MAE': 0.2882930636405945, 'metrics.test_MAE_norm': 0.5251110119112371, 'metrics.test_Bz_MAE': 0.33612412214279175, 'metrics.test_Bz_MAEP': 3.8120124340057373, 'metrics.final_val_loss': nan}"
1648cca8674249418f85ed8f8ab19c6f,nested,"{'params.activation': 'ReLU', 'params.n_layers': '6', 'params.hidden_units': '238', 'params.batch_size': '128', 'params.learning rate': '0.0004383645272653844'}","{'metrics.lowest_val_loss': 0.6385017652505929, 'metrics.test_MAPE_norm': inf, 'metrics.test_By_MAE': 0.26589080691337585, 'metrics.val_loss_RMSE': 0.7902550015500214, 'metrics.test_By_MAEP': 1.4696547985076904, 'metrics.train_loss_RMSE': 0.564153326633289, 'metrics.test_Bx_MAEP': 0.9879019260406494, 'metrics.test_RMSE': 0.6320646685908592, 'metrics.test_Bx_MAE': 0.26059091091156006, 'metrics.test_MAE_norm': 0.5181743762139498, 'metrics.test_Bz_MAE': 0.35765767097473145, 'metrics.test_Bz_MAEP': 4.002923965454102, 'metrics.final_val_loss': nan}"
b621cdb6a77849cba382eb76087f2dc9,nested,"{'params.activation': 'ReLU', 'params.n_layers': '6', 'params.hidden_units': '250', 'params.batch_size': '128', 'params.learning rate': '0.0004413206990999469'}","{'metrics.lowest_val_loss': 0.6324814782568022, 'metrics.test_MAPE_norm': inf, 'metrics.test_By_MAE': 0.26009371876716614, 'metrics.val_loss_RMSE': 0.6942656044600608, 'metrics.test_By_MAEP': 1.4489079713821411, 'metrics.train_loss_RMSE': 0.5916183845974934, 'metrics.test_Bx_MAEP': 0.9614609479904175, 'metrics.test_RMSE': 0.6367119930890953, 'metrics.test_Bx_MAE': 0.25265729427337646, 'metrics.test_MAE_norm': 0.49589401512054737, 'metrics.test_Bz_MAE': 0.335403710603714, 'metrics.test_Bz_MAEP': 3.90632963180542, 'metrics.final_val_loss': nan}"
0ce9ac8c8223426794fe772f03a4a6c9,nested,"{'params.activation': 'ReLU', 'params.n_layers': '7', 'params.hidden_units': '246', 'params.batch_size': '128', 'params.learning rate': '0.00040576423539911163'}","{'metrics.lowest_val_loss': 0.62741062879032, 'metrics.test_MAPE_norm': inf, 'metrics.test_By_MAE': 0.26473408937454224, 'metrics.val_loss_RMSE': 0.6681570439372648, 'metrics.test_By_MAEP': 1.4136642217636108, 'metrics.train_loss_RMSE': 0.6593611161076811, 'metrics.test_Bx_MAEP': 0.9744470119476318, 'metrics.test_RMSE': 0.6364308304020592, 'metrics.test_Bx_MAE': 0.25526952743530273, 'metrics.test_MAE_norm': 0.5126737819619156, 'metrics.test_Bz_MAE': 0.3539895713329315, 'metrics.test_Bz_MAEP': 4.226794242858887, 'metrics.final_val_loss': nan}"
d3345f5480774a69a6ec49a0e365c1ee,nested,"{'params.activation': 'ReLU', 'params.n_layers': '6', 'params.hidden_units': '241', 'params.batch_size': '128', 'params.learning rate': '0.0005289302721246502'}","{'metrics.lowest_val_loss': 0.6288254155773642, 'metrics.test_MAPE_norm': inf, 'metrics.test_By_MAE': 0.2658308148384094, 'metrics.val_loss_RMSE': 0.6579184310176112, 'metrics.test_By_MAEP': 1.538702368736267, 'metrics.train_loss_RMSE': 0.6535354184420977, 'metrics.test_Bx_MAEP': 0.9715542793273926, 'metrics.test_RMSE': 0.6201511959955409, 'metrics.test_Bx_MAE': 0.26480263471603394, 'metrics.test_MAE_norm': 0.5033888242176275, 'metrics.test_Bz_MAE': 0.3321637511253357, 'metrics.test_Bz_MAEP': 3.61918044090271, 'metrics.final_val_loss': nan}"
99883617651b436fbb00657d4eef6af4,nested,"{'params.activation': 'ReLU', 'params.n_layers': '6', 'params.hidden_units': '230', 'params.batch_size': '128', 'params.learning rate': '0.00046815304237001474'}","{'metrics.lowest_val_loss': 0.6250947451775325, 'metrics.test_MAPE_norm': inf, 'metrics.test_By_MAE': 0.2619292140007019, 'metrics.val_loss_RMSE': 0.6957841825022508, 'metrics.test_By_MAEP': 1.457409381866455, 'metrics.train_loss_RMSE': 0.5811507682700902, 'metrics.test_Bx_MAEP': 1.0475623607635498, 'metrics.test_RMSE': 0.638191518397359, 'metrics.test_Bx_MAE': 0.27584415674209595, 'metrics.test_MAE_norm': 0.5113090983988565, 'metrics.test_Bz_MAE': 0.33834585547447205, 'metrics.test_Bz_MAEP': 3.572211265563965, 'metrics.final_val_loss': nan}"
19ddb789ce704e26b18ab62ec36f3940,nested,"{'params.activation': 'ReLU', 'params.n_layers': '6', 'params.hidden_units': '250', 'params.batch_size': '128', 'params.learning rate': '0.00031883970439072247'}","{'metrics.lowest_val_loss': 0.6469814319542015, 'metrics.test_MAPE_norm': inf, 'metrics.test_By_MAE': 0.2552768886089325, 'metrics.val_loss_RMSE': 0.6469814319542015, 'metrics.test_By_MAEP': 1.464550256729126, 'metrics.train_loss_RMSE': 0.5842893212949776, 'metrics.test_Bx_MAEP': 0.9920937418937683, 'metrics.test_RMSE': 0.6543508189647915, 'metrics.test_Bx_MAE': 0.26560890674591064, 'metrics.test_MAE_norm': 0.504450693797837, 'metrics.test_Bz_MAE': 0.34147369861602783, 'metrics.test_Bz_MAEP': 3.7309203147888184, 'metrics.final_val_loss': nan}"
189c1cc8f1cd4c1e89a9258c7fc106d0,nested,"{'params.activation': 'ReLU', 'params.n_layers': '6', 'params.hidden_units': '236', 'params.batch_size': '128', 'params.learning rate': '0.000567256090937879'}","{'metrics.lowest_val_loss': 0.642496374976818, 'metrics.test_MAPE_norm': inf, 'metrics.test_By_MAE': 0.28930988907814026, 'metrics.val_loss_RMSE': 0.8707839632619437, 'metrics.test_By_MAEP': 1.6412545442581177, 'metrics.train_loss_RMSE': 0.5368139369006116, 'metrics.test_Bx_MAEP': 0.9811587929725647, 'metrics.test_RMSE': 0.6452285917308952, 'metrics.test_Bx_MAE': 0.2657664120197296, 'metrics.test_MAE_norm': 0.5265014654996862, 'metrics.test_Bz_MAE': 0.34715574979782104, 'metrics.test_Bz_MAEP': 3.8168585300445557, 'metrics.final_val_loss': nan}"
3b53d98d5d9f4d9ebd4dcd1cb41f0292,nested,"{'params.activation': 'tanh', 'params.n_layers': '6', 'params.hidden_units': '246', 'params.batch_size': '128', 'params.learning rate': '0.00036397454090876253'}","{'metrics.lowest_val_loss': 0.8664429369434795, 'metrics.test_MAPE_norm': inf, 'metrics.test_By_MAE': 0.3472774028778076, 'metrics.val_loss_RMSE': 0.9373051582784417, 'metrics.test_By_MAEP': 1.8664250373840332, 'metrics.train_loss_RMSE': 0.5271303683026607, 'metrics.test_Bx_MAEP': 1.2929304838180542, 'metrics.test_RMSE': 0.8677027119519818, 'metrics.test_Bx_MAE': 0.3425298035144806, 'metrics.test_MAE_norm': 0.659054159262534, 'metrics.test_Bz_MAE': 0.4384147524833679, 'metrics.test_Bz_MAEP': 4.936004638671875, 'metrics.final_val_loss': nan}"
e027f1e0844a4afe9574b9dc2c2b8218,nested,"{'params.activation': 'ReLU', 'params.n_layers': '6', 'params.hidden_units': '241', 'params.batch_size': '128', 'params.learning rate': '0.00045420961928089535'}","{'metrics.lowest_val_loss': 0.6320786388951629, 'metrics.test_MAPE_norm': inf, 'metrics.test_By_MAE': 0.2737753093242645, 'metrics.val_loss_RMSE': 0.8257573595451903, 'metrics.test_By_MAEP': 1.4838250875473022, 'metrics.train_loss_RMSE': 0.5749111101877896, 'metrics.test_Bx_MAEP': 0.9927390217781067, 'metrics.test_RMSE': 0.6454782775974993, 'metrics.test_Bx_MAE': 0.2654125392436981, 'metrics.test_MAE_norm': 0.5129356235978706, 'metrics.test_Bz_MAE': 0.3399609923362732, 'metrics.test_Bz_MAEP': 3.902477264404297, 'metrics.final_val_loss': nan}"
27b26fb3574d4c16ad8e54ee6f98618c,nested,"{'params.activation': 'ReLU', 'params.n_layers': '6', 'params.hidden_units': '99', 'params.batch_size': '128', 'params.learning rate': '0.0004065626834137613'}","{'metrics.lowest_val_loss': 1.017496825435268, 'metrics.test_MAPE_norm': inf, 'metrics.test_By_MAE': 0.4610592722892761, 'metrics.val_loss_RMSE': 1.0985939021095743, 'metrics.test_By_MAEP': 2.531636953353882, 'metrics.train_loss_RMSE': 0.8840692695956727, 'metrics.test_Bx_MAEP': 1.7615368366241455, 'metrics.test_RMSE': 1.0057573427722752, 'metrics.test_Bx_MAE': 0.46068304777145386, 'metrics.test_MAE_norm': 0.8703377571972933, 'metrics.test_Bz_MAE': 0.5715923309326172, 'metrics.test_Bz_MAEP': 6.701913356781006, 'metrics.final_val_loss': nan}"
1a9c1ced4bf84dd6b51c1679e74dcab5,nested,"{'params.activation': 'ReLU', 'params.n_layers': '6', 'params.hidden_units': '245', 'params.batch_size': '128', 'params.learning rate': '0.0005045120621547991'}","{'metrics.lowest_val_loss': 0.6480792913876894, 'metrics.test_MAPE_norm': inf, 'metrics.test_By_MAE': 0.26455533504486084, 'metrics.val_loss_RMSE': 0.7316090357397448, 'metrics.test_By_MAEP': 1.5142418146133423, 'metrics.train_loss_RMSE': 0.5360781057468371, 'metrics.test_Bx_MAEP': 0.9806736707687378, 'metrics.test_RMSE': 0.6452692149770858, 'metrics.test_Bx_MAE': 0.2646484673023224, 'metrics.test_MAE_norm': 0.5099582662137502, 'metrics.test_Bz_MAE': 0.34347447752952576, 'metrics.test_Bz_MAEP': 3.7883565425872803, 'metrics.final_val_loss': nan}"
e90dcdb9a2644dae9edd8c49f490dac5,nested,"{'params.activation': 'ReLU', 'params.n_layers': '6', 'params.hidden_units': '250', 'params.batch_size': '128', 'params.learning rate': '0.0004635042610294071'}","{'metrics.lowest_val_loss': 0.6041824807691603, 'metrics.test_MAPE_norm': inf, 'metrics.test_By_MAE': 0.2491772621870041, 'metrics.val_loss_RMSE': 0.6335062390500301, 'metrics.test_By_MAEP': 1.436633825302124, 'metrics.train_loss_RMSE': 0.7197446120724597, 'metrics.test_Bx_MAEP': 0.9182262420654297, 'metrics.test_RMSE': 0.601558121248263, 'metrics.test_Bx_MAE': 0.24359388649463654, 'metrics.test_MAE_norm': 0.48030330903792495, 'metrics.test_Bz_MAE': 0.3278243839740753, 'metrics.test_Bz_MAEP': 3.7831804752349854, 'metrics.final_val_loss': nan}"
7c8c03b171be4f6fac074a463386234f,nested,"{'params.activation': 'ReLU', 'params.n_layers': '6', 'params.hidden_units': '241', 'params.batch_size': '128', 'params.learning rate': '0.0004639623555932342'}","{'metrics.lowest_val_loss': 0.642214644720179, 'metrics.test_MAPE_norm': inf, 'metrics.test_By_MAE': 0.2706470787525177, 'metrics.val_loss_RMSE': 0.6593294742421135, 'metrics.test_By_MAEP': 1.5360279083251953, 'metrics.train_loss_RMSE': 0.7298023886824886, 'metrics.test_Bx_MAEP': 0.9899842143058777, 'metrics.test_RMSE': 0.6309918011153576, 'metrics.test_Bx_MAE': 0.26900723576545715, 'metrics.test_MAE_norm': 0.5249454065373069, 'metrics.test_Bz_MAE': 0.3575013279914856, 'metrics.test_Bz_MAEP': 3.9977123737335205, 'metrics.final_val_loss': nan}"
154671915fa5460694328f576b73b6f0,nested,"{'params.activation': 'ReLU', 'params.n_layers': '6', 'params.hidden_units': '234', 'params.batch_size': '128', 'params.learning rate': '0.00039279796929325993'}","{'metrics.lowest_val_loss': 0.6411924386728206, 'metrics.test_MAPE_norm': inf, 'metrics.test_By_MAE': 0.27965015172958374, 'metrics.val_loss_RMSE': 0.6794751050527917, 'metrics.test_By_MAEP': 1.5077184438705444, 'metrics.train_loss_RMSE': 0.533181162518599, 'metrics.test_Bx_MAEP': 0.9813289642333984, 'metrics.test_RMSE': 0.6565974047815084, 'metrics.test_Bx_MAE': 0.25797221064567566, 'metrics.test_MAE_norm': 0.5206953466794138, 'metrics.test_Bz_MAE': 0.3524273931980133, 'metrics.test_Bz_MAEP': 4.105315208435059, 'metrics.final_val_loss': nan}"
756dd0f6b89648ba86d1ed5669325ce1,nested,"{'params.activation': 'ReLU', 'params.n_layers': '6', 'params.hidden_units': '230', 'params.batch_size': '128', 'params.learning rate': '0.0003581321691772467'}","{'metrics.lowest_val_loss': 0.6415900954416246, 'metrics.test_MAPE_norm': inf, 'metrics.test_By_MAE': 0.2791982889175415, 'metrics.val_loss_RMSE': 0.6994946335901355, 'metrics.test_By_MAEP': 1.4245924949645996, 'metrics.train_loss_RMSE': 0.5892720882173987, 'metrics.test_Bx_MAEP': 1.0259360074996948, 'metrics.test_RMSE': 0.6582492836935396, 'metrics.test_Bx_MAE': 0.2769509553909302, 'metrics.test_MAE_norm': 0.5224802196025848, 'metrics.test_Bz_MAE': 0.34051457047462463, 'metrics.test_Bz_MAEP': 3.6761043071746826, 'metrics.final_val_loss': nan}"
7cd1b965e80f4cee9e1ec41b23f70275,nested,"{'params.activation': 'ReLU', 'params.n_layers': '6', 'params.hidden_units': '219', 'params.batch_size': '128', 'params.learning rate': '0.00029130272001458453'}","{'metrics.lowest_val_loss': 0.7306743558242681, 'metrics.test_MAPE_norm': inf, 'metrics.test_By_MAE': 0.3016885817050934, 'metrics.val_loss_RMSE': 0.9178456528974565, 'metrics.test_By_MAEP': 1.7223514318466187, 'metrics.train_loss_RMSE': 0.6241282294183531, 'metrics.test_Bx_MAEP': 1.1134001016616821, 'metrics.test_RMSE': 0.7235220855125936, 'metrics.test_Bx_MAE': 0.3010101616382599, 'metrics.test_MAE_norm': 0.5707145769630323, 'metrics.test_Bz_MAE': 0.37574303150177, 'metrics.test_Bz_MAEP': 4.153838634490967, 'metrics.final_val_loss': nan}"
40b58eea074640d796a9a95af450b5ce,nested,"{'params.activation': 'ReLU', 'params.n_layers': '6', 'params.hidden_units': '226', 'params.batch_size': '128', 'params.learning rate': '0.00033431410753355254'}","{'metrics.lowest_val_loss': 0.6578420122235328, 'metrics.test_MAPE_norm': inf, 'metrics.test_By_MAE': 0.2676265239715576, 'metrics.val_loss_RMSE': 0.6578420122235328, 'metrics.test_By_MAEP': 1.4802899360656738, 'metrics.train_loss_RMSE': 0.5147996044526514, 'metrics.test_Bx_MAEP': 1.0563271045684814, 'metrics.test_RMSE': 0.6688876658144014, 'metrics.test_Bx_MAE': 0.27751582860946655, 'metrics.test_MAE_norm': 0.5263581479850569, 'metrics.test_Bz_MAE': 0.3552297353744507, 'metrics.test_Bz_MAEP': 3.8667876720428467, 'metrics.final_val_loss': nan}"
880ca9b0966a4dd1ad4e3cbccbff9e38,nested,"{'params.activation': 'ReLU', 'params.n_layers': '6', 'params.hidden_units': '230', 'params.batch_size': '128', 'params.learning rate': '0.000333447293783205'}","{'metrics.lowest_val_loss': 0.6146272492975927, 'metrics.test_MAPE_norm': inf, 'metrics.test_By_MAE': 0.25814148783683777, 'metrics.val_loss_RMSE': 0.9200452708329817, 'metrics.test_By_MAEP': 1.4442217350006104, 'metrics.train_loss_RMSE': 0.6304210078911385, 'metrics.test_Bx_MAEP': 0.9544770121574402, 'metrics.test_RMSE': 0.6147442183143812, 'metrics.test_Bx_MAE': 0.2538624405860901, 'metrics.test_MAE_norm': 0.4862459805308347, 'metrics.test_Bz_MAE': 0.32137760519981384, 'metrics.test_Bz_MAEP': 3.624974250793457, 'metrics.final_val_loss': nan}"
1e070b788da34ff3a41f3daf4c3613d5,nested,"{'params.activation': 'ReLU', 'params.n_layers': '6', 'params.hidden_units': '236', 'params.batch_size': '128', 'params.learning rate': '0.0005140717414727855'}","{'metrics.lowest_val_loss': 0.6343419689349423, 'metrics.test_MAPE_norm': inf, 'metrics.test_By_MAE': 0.2856409251689911, 'metrics.val_loss_RMSE': 0.7355397464669065, 'metrics.test_By_MAEP': 1.566637635231018, 'metrics.train_loss_RMSE': 0.559746881422887, 'metrics.test_Bx_MAEP': 1.0069811344146729, 'metrics.test_RMSE': 0.6243128517839296, 'metrics.test_Bx_MAE': 0.2707749009132385, 'metrics.test_MAE_norm': 0.512572893970891, 'metrics.test_Bz_MAE': 0.32510140538215637, 'metrics.test_Bz_MAEP': 3.605964422225952, 'metrics.final_val_loss': nan}"
0870eeea79cf4fe99278ba7f5da41c48,nested,"{'params.activation': 'ReLU', 'params.n_layers': '6', 'params.hidden_units': '246', 'params.batch_size': '128', 'params.learning rate': '0.0004073855480068887'}","{'metrics.lowest_val_loss': 0.6253661569881789, 'metrics.test_MAPE_norm': inf, 'metrics.test_By_MAE': 0.2626585066318512, 'metrics.val_loss_RMSE': 0.6720744614922795, 'metrics.test_By_MAEP': 1.3996994495391846, 'metrics.train_loss_RMSE': 0.5294117790581064, 'metrics.test_Bx_MAEP': 1.0320091247558594, 'metrics.test_RMSE': 0.6226472410174445, 'metrics.test_Bx_MAE': 0.26694053411483765, 'metrics.test_MAE_norm': 0.5053898103214337, 'metrics.test_Bz_MAE': 0.33653023838996887, 'metrics.test_Bz_MAEP': 3.7183241844177246, 'metrics.final_val_loss': nan}"
bfd89f9c7bf8409f9f8055f8e94e2518,nested,"{'params.activation': 'ReLU', 'params.n_layers': '6', 'params.hidden_units': '241', 'params.batch_size': '128', 'params.learning rate': '0.0004313376100867364'}","{'metrics.lowest_val_loss': 0.634535245638588, 'metrics.test_MAPE_norm': inf, 'metrics.test_By_MAE': 0.2696242928504944, 'metrics.val_loss_RMSE': 0.8434191543762403, 'metrics.test_By_MAEP': 1.5398004055023193, 'metrics.train_loss_RMSE': 0.6579667743225698, 'metrics.test_Bx_MAEP': 0.9904782772064209, 'metrics.test_RMSE': 0.617299304851117, 'metrics.test_Bx_MAE': 0.268159419298172, 'metrics.test_MAE_norm': 0.5092527284576562, 'metrics.test_Bz_MAE': 0.33595389127731323, 'metrics.test_Bz_MAEP': 3.8185389041900635, 'metrics.final_val_loss': nan}"
dc80fd2cf15a4368a853bd21bf4257cf,nested,"{'params.activation': 'ReLU', 'params.n_layers': '6', 'params.hidden_units': '246', 'params.batch_size': '128', 'params.learning rate': '0.00039031678964605285'}","{'metrics.lowest_val_loss': 0.6155009677262949, 'metrics.test_MAPE_norm': inf, 'metrics.test_By_MAE': 0.2652536630630493, 'metrics.val_loss_RMSE': 0.6155009677262949, 'metrics.test_By_MAEP': 1.4523669481277466, 'metrics.train_loss_RMSE': 0.6319053433860365, 'metrics.test_Bx_MAEP': 0.9723004698753357, 'metrics.test_RMSE': 0.601729362514791, 'metrics.test_Bx_MAE': 0.25230515003204346, 'metrics.test_MAE_norm': 0.48463636822107303, 'metrics.test_Bz_MAE': 0.3144598603248596, 'metrics.test_Bz_MAEP': 3.4101085662841797, 'metrics.final_val_loss': nan}"
d7dafea1c7a046ac89ebad5188e4b9e8,nested,"{'params.activation': 'ReLU', 'params.n_layers': '6', 'params.hidden_units': '250', 'params.batch_size': '128', 'params.learning rate': '0.000592497930131469'}","{'metrics.lowest_val_loss': 0.6383729664053819, 'metrics.test_MAPE_norm': inf, 'metrics.test_By_MAE': 0.27694272994995117, 'metrics.val_loss_RMSE': 0.7705824169183275, 'metrics.test_By_MAEP': 1.610010027885437, 'metrics.train_loss_RMSE': 0.5903177196645906, 'metrics.test_Bx_MAEP': 1.034986972808838, 'metrics.test_RMSE': 0.6432318831138761, 'metrics.test_Bx_MAE': 0.2761754095554352, 'metrics.test_MAE_norm': 0.5233524652759424, 'metrics.test_Bz_MAE': 0.3443032503128052, 'metrics.test_Bz_MAEP': 4.007723808288574, 'metrics.final_val_loss': nan}"
714795b0f42e43529a820be43f9b305c,nested,"{'params.activation': 'wavelet', 'params.n_layers': '6', 'params.hidden_units': '240', 'params.batch_size': '128', 'params.learning rate': '0.0004851049231628378'}","{'metrics.lowest_val_loss': 1.21962672717265, 'metrics.test_MAPE_norm': inf, 'metrics.test_By_MAE': 0.4422359764575958, 'metrics.val_loss_RMSE': 1.2962234428830428, 'metrics.test_By_MAEP': 2.3470399379730225, 'metrics.train_loss_RMSE': 0.8663605860157572, 'metrics.test_Bx_MAEP': 1.6860296726226807, 'metrics.test_RMSE': 1.2338916754058888, 'metrics.test_Bx_MAE': 0.4447019398212433, 'metrics.test_MAE_norm': 0.8590390513958543, 'metrics.test_Bz_MAE': 0.5797448754310608, 'metrics.test_Bz_MAEP': 6.557400703430176, 'metrics.final_val_loss': nan}"
683136ed98974c33abbfb6e2bc4d822f,nested,"{'params.activation': 'ReLU', 'params.n_layers': '7', 'params.hidden_units': '236', 'params.batch_size': '128', 'params.learning rate': '3.805024630021446e-05'}","{'metrics.lowest_val_loss': 1.5236333861196842, 'metrics.test_MAPE_norm': inf, 'metrics.test_By_MAE': 0.629246175289154, 'metrics.val_loss_RMSE': 1.5672854521874564, 'metrics.test_By_MAEP': 3.483698844909668, 'metrics.train_loss_RMSE': 1.386830775936681, 'metrics.test_Bx_MAEP': 2.3465161323547363, 'metrics.test_RMSE': 1.5605570091765868, 'metrics.test_Bx_MAE': 0.6142839789390564, 'metrics.test_MAE_norm': 1.1933234533624786, 'metrics.test_Bz_MAE': 0.7984970211982727, 'metrics.test_Bz_MAEP': 8.625887870788574, 'metrics.final_val_loss': nan}"
6caca718b3684a4eb3118fb1ba2ba11d,nested,"{'params.activation': 'ReLU', 'params.n_layers': '8', 'params.hidden_units': '223', 'params.batch_size': '128', 'params.learning rate': '0.0001098503474975406'}","{'metrics.lowest_val_loss': 0.8438456846868877, 'metrics.test_MAPE_norm': inf, 'metrics.test_By_MAE': 0.33591577410697937, 'metrics.val_loss_RMSE': 1.0171239934864813, 'metrics.test_By_MAEP': 1.8901805877685547, 'metrics.train_loss_RMSE': 0.7996783880153813, 'metrics.test_Bx_MAEP': 1.308756947517395, 'metrics.test_RMSE': 0.8443372076689735, 'metrics.test_Bx_MAE': 0.3487463593482971, 'metrics.test_MAE_norm': 0.644969102155649, 'metrics.test_Bz_MAE': 0.4218072295188904, 'metrics.test_Bz_MAEP': 4.711582660675049, 'metrics.final_val_loss': nan}"
18dabe5e22f345ef9d8682f16653dac8,nested,"{'params.activation': 'ReLU', 'params.n_layers': '6', 'params.hidden_units': '232', 'params.batch_size': '128', 'params.learning rate': '0.0004232923755409862'}","{'metrics.lowest_val_loss': 0.6282554826238649, 'metrics.test_MAPE_norm': inf, 'metrics.test_By_MAE': 0.27128374576568604, 'metrics.val_loss_RMSE': 0.6282554826238649, 'metrics.test_By_MAEP': 1.4988884925842285, 'metrics.train_loss_RMSE': 0.5481378170918193, 'metrics.test_Bx_MAEP': 1.0030235052108765, 'metrics.test_RMSE': 0.6476220806499655, 'metrics.test_Bx_MAE': 0.2669394612312317, 'metrics.test_MAE_norm': 0.520368305262196, 'metrics.test_Bz_MAE': 0.35193896293640137, 'metrics.test_Bz_MAEP': 4.105775356292725, 'metrics.final_val_loss': nan}"
3e1d8239654242b79d82b0f88a73ffed,nested,"{'params.activation': 'ReLU', 'params.n_layers': '6', 'params.hidden_units': '235', 'params.batch_size': '128', 'params.learning rate': '0.000416444614559622'}","{'metrics.lowest_val_loss': 0.6164452819677482, 'metrics.test_MAPE_norm': inf, 'metrics.test_By_MAE': 0.2572994828224182, 'metrics.val_loss_RMSE': 0.6266063964309172, 'metrics.test_By_MAEP': 1.4277870655059814, 'metrics.train_loss_RMSE': 0.6080114869507323, 'metrics.test_Bx_MAEP': 0.9705209136009216, 'metrics.test_RMSE': 0.6191312282433535, 'metrics.test_Bx_MAE': 0.2565259039402008, 'metrics.test_MAE_norm': 0.48846290185691066, 'metrics.test_Bz_MAE': 0.32297277450561523, 'metrics.test_Bz_MAEP': 3.643803358078003, 'metrics.final_val_loss': nan}"
6f6e34730cd447b181385bfa92881ca6,nested,"{'params.activation': 'ReLU', 'params.n_layers': '6', 'params.hidden_units': '246', 'params.batch_size': '128', 'params.learning rate': '0.0005511215124207486'}","{'metrics.lowest_val_loss': 0.6481768470661191, 'metrics.test_MAPE_norm': inf, 'metrics.test_By_MAE': 0.28396037220954895, 'metrics.val_loss_RMSE': 0.9799508327326992, 'metrics.test_By_MAEP': 1.5853897333145142, 'metrics.train_loss_RMSE': 0.6005206596256789, 'metrics.test_Bx_MAEP': 1.0507689714431763, 'metrics.test_RMSE': 0.6456106268178491, 'metrics.test_Bx_MAE': 0.2764110565185547, 'metrics.test_MAE_norm': 0.5204035585576837, 'metrics.test_Bz_MAE': 0.3341517746448517, 'metrics.test_Bz_MAEP': 3.751753807067871, 'metrics.final_val_loss': nan}"
8cfd3cff497746fc9527b6d57a938b6b,nested,"{'params.activation': 'ReLU', 'params.n_layers': '6', 'params.hidden_units': '243', 'params.batch_size': '128', 'params.learning rate': '0.0003665191695501934'}","{'metrics.lowest_val_loss': 0.6400499368765258, 'metrics.test_MAPE_norm': inf, 'metrics.test_By_MAE': 0.26885831356048584, 'metrics.val_loss_RMSE': 0.6770868803417961, 'metrics.test_By_MAEP': 1.5461573600769043, 'metrics.train_loss_RMSE': 0.6953373958616899, 'metrics.test_Bx_MAEP': 0.9888889193534851, 'metrics.test_RMSE': 0.6240307316866249, 'metrics.test_Bx_MAE': 0.26732540130615234, 'metrics.test_MAE_norm': 0.5050242218104276, 'metrics.test_Bz_MAE': 0.33057788014411926, 'metrics.test_Bz_MAEP': 3.635587453842163, 'metrics.final_val_loss': nan}"
45b77f9d7a7f473ba0c7834d7baf1a0a,nested,"{'params.activation': 'ReLU', 'params.n_layers': '6', 'params.hidden_units': '237', 'params.batch_size': '128', 'params.learning rate': '0.00046552898408524265'}","{'metrics.lowest_val_loss': 0.6244501495278575, 'metrics.test_MAPE_norm': inf, 'metrics.test_By_MAE': 0.26621371507644653, 'metrics.val_loss_RMSE': 0.7685021417466446, 'metrics.test_By_MAEP': 1.5219275951385498, 'metrics.train_loss_RMSE': 0.6172482037621436, 'metrics.test_Bx_MAEP': 1.047863483428955, 'metrics.test_RMSE': 0.6220407091167488, 'metrics.test_Bx_MAE': 0.2773072421550751, 'metrics.test_MAE_norm': 0.5062368630507346, 'metrics.test_Bz_MAE': 0.325731098651886, 'metrics.test_Bz_MAEP': 3.5445170402526855, 'metrics.final_val_loss': nan}"
5bf88ae582c1401db80dde8ba6087c8b,nested,"{'params.activation': 'ReLU', 'params.n_layers': '6', 'params.hidden_units': '246', 'params.batch_size': '128', 'params.learning rate': '0.0003812938922974512'}","{'metrics.lowest_val_loss': 0.6122655058794869, 'metrics.test_MAPE_norm': inf, 'metrics.test_By_MAE': 0.25187796354293823, 'metrics.val_loss_RMSE': 0.6242418335438118, 'metrics.test_By_MAEP': 1.3759852647781372, 'metrics.train_loss_RMSE': 0.5530218746209212, 'metrics.test_Bx_MAEP': 0.9310504794120789, 'metrics.test_RMSE': 0.6115871720134576, 'metrics.test_Bx_MAE': 0.24557846784591675, 'metrics.test_MAE_norm': 0.48032771214914094, 'metrics.test_Bz_MAE': 0.3239748775959015, 'metrics.test_Bz_MAEP': 3.913034439086914, 'metrics.final_val_loss': nan}"
4c1a33c34d2144c9ad68879fe2ef7084,nested,"{'params.activation': 'ReLU', 'params.n_layers': '6', 'params.hidden_units': '250', 'params.batch_size': '128', 'params.learning rate': '0.00042076068266798025'}","{'metrics.lowest_val_loss': 0.6310271406551452, 'metrics.test_MAPE_norm': inf, 'metrics.test_By_MAE': 0.2684324383735657, 'metrics.val_loss_RMSE': 0.7669697846311597, 'metrics.test_By_MAEP': 1.5350565910339355, 'metrics.train_loss_RMSE': 0.5508278691919426, 'metrics.test_Bx_MAEP': 0.9625182747840881, 'metrics.test_RMSE': 0.6309021566786214, 'metrics.test_Bx_MAE': 0.25863954424858093, 'metrics.test_MAE_norm': 0.5030449055598684, 'metrics.test_Bz_MAE': 0.334686279296875, 'metrics.test_Bz_MAEP': 3.8426432609558105, 'metrics.final_val_loss': nan}"
adf0ef78e7ce47a6a83bc6e5f1bd9946,nested,"{'params.activation': 'ReLU', 'params.n_layers': '6', 'params.hidden_units': '116', 'params.batch_size': '128', 'params.learning rate': '0.0003094932395024365'}","{'metrics.lowest_val_loss': 0.9793492503035243, 'metrics.test_MAPE_norm': inf, 'metrics.test_By_MAE': 0.4262523353099823, 'metrics.val_loss_RMSE': 1.0148810961784405, 'metrics.test_By_MAEP': 2.381788492202759, 'metrics.train_loss_RMSE': 0.8532180722830273, 'metrics.test_Bx_MAEP': 1.5757005214691162, 'metrics.test_RMSE': 0.9709266594057153, 'metrics.test_Bx_MAE': 0.41647806763648987, 'metrics.test_MAE_norm': 0.8057387676535611, 'metrics.test_Bz_MAE': 0.5381281971931458, 'metrics.test_Bz_MAEP': 5.939354419708252, 'metrics.final_val_loss': nan}"
fb4320ca258949c5b4cc3fdf0216e9a1,nested,"{'params.activation': 'ReLU', 'params.n_layers': '4', 'params.hidden_units': '241', 'params.batch_size': '128', 'params.learning rate': '0.0005046055275040014'}","{'metrics.lowest_val_loss': 0.6775076897015545, 'metrics.test_MAPE_norm': inf, 'metrics.test_By_MAE': 0.2866680920124054, 'metrics.val_loss_RMSE': 0.7823663802634696, 'metrics.test_By_MAEP': 1.5128488540649414, 'metrics.train_loss_RMSE': 0.616128061569014, 'metrics.test_Bx_MAEP': 1.0892583131790161, 'metrics.test_RMSE': 0.6866982593186303, 'metrics.test_Bx_MAE': 0.28764837980270386, 'metrics.test_MAE_norm': 0.5578736504584408, 'metrics.test_Bz_MAE': 0.37889671325683594, 'metrics.test_Bz_MAEP': 4.520042896270752, 'metrics.final_val_loss': nan}"
a5b697d1d70a4993b2a1ce9d57781fbf,nested,"{'params.activation': 'ReLU', 'params.n_layers': '6', 'params.hidden_units': '228', 'params.batch_size': '128', 'params.learning rate': '0.0003495641231176122'}","{'metrics.lowest_val_loss': 0.656335521335947, 'metrics.test_MAPE_norm': inf, 'metrics.test_By_MAE': 0.2857397198677063, 'metrics.val_loss_RMSE': 0.6970764842009576, 'metrics.test_By_MAEP': 1.5665345191955566, 'metrics.train_loss_RMSE': 0.562195294362496, 'metrics.test_Bx_MAEP': 0.9910842180252075, 'metrics.test_RMSE': 0.6684784827832961, 'metrics.test_Bx_MAE': 0.26994720101356506, 'metrics.test_MAE_norm': 0.5299133597093336, 'metrics.test_Bz_MAE': 0.35204437375068665, 'metrics.test_Bz_MAEP': 4.109890937805176, 'metrics.final_val_loss': nan}"
2c27a1839ab144e1a87432562930e13d,nested,"{'params.activation': 'ReLU', 'params.n_layers': '6', 'params.hidden_units': '42', 'params.batch_size': '128', 'params.learning rate': '7.989028533892025e-05'}","{'metrics.lowest_val_loss': 4.116434742450791, 'metrics.test_MAPE_norm': inf, 'metrics.test_By_MAE': 1.8004794120788574, 'metrics.val_loss_RMSE': 4.116434742450791, 'metrics.test_By_MAEP': 10.076422691345215, 'metrics.train_loss_RMSE': 4.015905479050674, 'metrics.test_Bx_MAEP': 6.719089508056641, 'metrics.test_RMSE': 4.101464926027738, 'metrics.test_Bx_MAE': 1.8206602334976196, 'metrics.test_MAE_norm': 3.4220904436978428, 'metrics.test_Bz_MAE': 2.2508442401885986, 'metrics.test_Bz_MAEP': 24.23440933227539, 'metrics.final_val_loss': nan}"
521fe8007d334f9eb8e73b959d459bed,nested,"{'params.activation': 'ReLU', 'params.n_layers': '6', 'params.hidden_units': '238', 'params.batch_size': '128', 'params.learning rate': '0.0004407392681220669'}","{'metrics.lowest_val_loss': 0.6200947594779487, 'metrics.test_MAPE_norm': inf, 'metrics.test_By_MAE': 0.2593143582344055, 'metrics.val_loss_RMSE': 0.7173669485151021, 'metrics.test_By_MAEP': 1.4900110960006714, 'metrics.train_loss_RMSE': 0.53866024909872, 'metrics.test_Bx_MAEP': 1.0489012002944946, 'metrics.test_RMSE': 0.6130107946178015, 'metrics.test_Bx_MAE': 0.27527832984924316, 'metrics.test_MAE_norm': 0.4981104995360215, 'metrics.test_Bz_MAE': 0.32099682092666626, 'metrics.test_Bz_MAEP': 3.2166807651519775, 'metrics.final_val_loss': nan}"
b26f8821db5747408ac434087edc1f3d,nested,"{'params.activation': 'ReLU', 'params.n_layers': '5', 'params.hidden_units': '234', 'params.batch_size': '128', 'params.learning rate': '0.0005450288775908632'}","{'metrics.lowest_val_loss': 0.6646948114179931, 'metrics.test_MAPE_norm': inf, 'metrics.test_By_MAE': 0.3141082525253296, 'metrics.val_loss_RMSE': 0.6951871363734009, 'metrics.test_By_MAEP': 1.8062864542007446, 'metrics.train_loss_RMSE': 0.6341258472108722, 'metrics.test_Bx_MAEP': 1.1242263317108154, 'metrics.test_RMSE': 0.6676314435789994, 'metrics.test_Bx_MAE': 0.28954434394836426, 'metrics.test_MAE_norm': 0.5669038512490012, 'metrics.test_Bz_MAE': 0.3692082166671753, 'metrics.test_Bz_MAEP': 4.465314865112305, 'metrics.final_val_loss': nan}"
29e1674f48a444f09e591c0ce35036dc,nested,"{'params.activation': 'ReLU', 'params.n_layers': '6', 'params.hidden_units': '235', 'params.batch_size': '128', 'params.learning rate': '0.00042791381320284397'}","{'metrics.lowest_val_loss': 0.615642658818551, 'metrics.test_MAPE_norm': inf, 'metrics.test_By_MAE': 0.26464495062828064, 'metrics.val_loss_RMSE': 0.8110244672887543, 'metrics.test_By_MAEP': 1.5115395784378052, 'metrics.train_loss_RMSE': 0.531983997797272, 'metrics.test_Bx_MAEP': 0.9739148020744324, 'metrics.test_RMSE': 0.6267338396137027, 'metrics.test_Bx_MAE': 0.2608237564563751, 'metrics.test_MAE_norm': 0.4965777976090828, 'metrics.test_Bz_MAE': 0.3262016773223877, 'metrics.test_Bz_MAEP': 3.7846453189849854, 'metrics.final_val_loss': nan}"
52af7afb2cf7469d9064d4faa64c4570,nested,"{'params.activation': 'ReLU', 'params.n_layers': '6', 'params.hidden_units': '245', 'params.batch_size': '128', 'params.learning rate': '0.00048088144595059346'}","{'metrics.lowest_val_loss': 0.6301108487521411, 'metrics.test_MAPE_norm': inf, 'metrics.test_By_MAE': 0.27115631103515625, 'metrics.val_loss_RMSE': 1.063884350506826, 'metrics.test_By_MAEP': 1.5562807321548462, 'metrics.train_loss_RMSE': 0.670386864624834, 'metrics.test_Bx_MAEP': 0.9764200448989868, 'metrics.test_RMSE': 0.6401844373933936, 'metrics.test_Bx_MAE': 0.266560822725296, 'metrics.test_MAE_norm': 0.5111683434561679, 'metrics.test_Bz_MAE': 0.3388769328594208, 'metrics.test_Bz_MAEP': 3.910701036453247, 'metrics.final_val_loss': nan}"
f4389fc563c8419a94ebe3bc40704ea9,nested,"{'params.activation': 'ReLU', 'params.n_layers': '6', 'params.hidden_units': '244', 'params.batch_size': '128', 'params.learning rate': '0.00038284466546950326'}","{'metrics.lowest_val_loss': 0.6242028680439059, 'metrics.test_MAPE_norm': inf, 'metrics.test_By_MAE': 0.2607675790786743, 'metrics.val_loss_RMSE': 0.6659219993194178, 'metrics.test_By_MAEP': 1.4808017015457153, 'metrics.train_loss_RMSE': 0.6844301280128054, 'metrics.test_Bx_MAEP': 0.9615948796272278, 'metrics.test_RMSE': 0.6403688426043718, 'metrics.test_Bx_MAE': 0.25371235609054565, 'metrics.test_MAE_norm': 0.503524851143075, 'metrics.test_Bz_MAE': 0.3447384834289551, 'metrics.test_Bz_MAEP': 4.029295444488525, 'metrics.final_val_loss': nan}"
b92e9726d4254416a1bc25b8b2ba3a5c,nested,"{'params.activation': 'tanh', 'params.n_layers': '6', 'params.hidden_units': '250', 'params.batch_size': '128', 'params.learning rate': '0.0006547720161695547'}","{'metrics.lowest_val_loss': 1.1838660541751984, 'metrics.test_MAPE_norm': inf, 'metrics.test_By_MAE': 0.511021614074707, 'metrics.val_loss_RMSE': 1.342364193066192, 'metrics.test_By_MAEP': 2.894437313079834, 'metrics.train_loss_RMSE': 0.9851879755333595, 'metrics.test_Bx_MAEP': 1.998814582824707, 'metrics.test_RMSE': 1.1891002096256926, 'metrics.test_Bx_MAE': 0.520028293132782, 'metrics.test_MAE_norm': 0.9932624911577508, 'metrics.test_Bz_MAE': 0.6686512231826782, 'metrics.test_Bz_MAEP': 7.081216335296631, 'metrics.final_val_loss': nan}"
30bfeede0034485c8fbade0cb87070a9,nested,"{'params.activation': 'ReLU', 'params.n_layers': '6', 'params.hidden_units': '241', 'params.batch_size': '128', 'params.learning rate': '0.0004411594783175127'}","{'metrics.lowest_val_loss': 0.6240004894663554, 'metrics.test_MAPE_norm': inf, 'metrics.test_By_MAE': 0.27988067269325256, 'metrics.val_loss_RMSE': 0.6635640863008069, 'metrics.test_By_MAEP': 1.6691876649856567, 'metrics.train_loss_RMSE': 0.530444924218392, 'metrics.test_Bx_MAEP': 0.9951947331428528, 'metrics.test_RMSE': 0.6410206595032718, 'metrics.test_Bx_MAE': 0.2647187113761902, 'metrics.test_MAE_norm': 0.5126112763676347, 'metrics.test_Bz_MAE': 0.3348710834980011, 'metrics.test_Bz_MAEP': 3.5226492881774902, 'metrics.final_val_loss': nan}"
8375038cbfe34702b5afbd37dff6d695,nested,"{'params.activation': 'ReLU', 'params.n_layers': '6', 'params.hidden_units': '231', 'params.batch_size': '128', 'params.learning rate': '0.0003338439950198158'}","{'metrics.lowest_val_loss': 0.6350958527599626, 'metrics.test_MAPE_norm': inf, 'metrics.test_By_MAE': 0.2672286331653595, 'metrics.val_loss_RMSE': 0.7185551900711908, 'metrics.test_By_MAEP': 1.4835622310638428, 'metrics.train_loss_RMSE': 0.5322529914752453, 'metrics.test_Bx_MAEP': 0.9468139410018921, 'metrics.test_RMSE': 0.6399428998242457, 'metrics.test_Bx_MAE': 0.2555708587169647, 'metrics.test_MAE_norm': 0.504239670682752, 'metrics.test_Bz_MAE': 0.339825302362442, 'metrics.test_Bz_MAEP': 3.8704307079315186, 'metrics.final_val_loss': nan}"
1a9ee25ca2454c0eb6867bd7b66c7509,nested,"{'params.activation': 'ReLU', 'params.n_layers': '6', 'params.hidden_units': '245', 'params.batch_size': '128', 'params.learning rate': '0.0003385377692304931'}","{'metrics.lowest_val_loss': 0.6037494356193898, 'metrics.test_MAPE_norm': inf, 'metrics.test_By_MAE': 0.24585603177547455, 'metrics.val_loss_RMSE': 0.6037494356193898, 'metrics.test_By_MAEP': 1.3768635988235474, 'metrics.train_loss_RMSE': 0.6397638926402339, 'metrics.test_Bx_MAEP': 0.9231557846069336, 'metrics.test_RMSE': 0.6050869466957524, 'metrics.test_Bx_MAE': 0.24666789174079895, 'metrics.test_MAE_norm': 0.48004751727341466, 'metrics.test_Bz_MAE': 0.32693013548851013, 'metrics.test_Bz_MAEP': 3.6266605854034424, 'metrics.final_val_loss': nan}"
ab38565cb5c94355975633cccea18f6a,nested,"{'params.activation': 'ReLU', 'params.n_layers': '6', 'params.hidden_units': '239', 'params.batch_size': '128', 'params.learning rate': '0.00040321555719516713'}","{'metrics.lowest_val_loss': 0.6497182233683011, 'metrics.test_MAPE_norm': inf, 'metrics.test_By_MAE': 0.26355838775634766, 'metrics.val_loss_RMSE': 0.6622572804027145, 'metrics.test_By_MAEP': 1.4048742055892944, 'metrics.train_loss_RMSE': 0.6510537822155456, 'metrics.test_Bx_MAEP': 0.9967767000198364, 'metrics.test_RMSE': 0.6490749074738879, 'metrics.test_Bx_MAE': 0.2670963406562805, 'metrics.test_MAE_norm': 0.5163676626089087, 'metrics.test_Bz_MAE': 0.3512307107448578, 'metrics.test_Bz_MAEP': 4.157122611999512, 'metrics.final_val_loss': nan}"
d264324cf3484c5786e3d6726c001cb0,nested,"{'params.activation': 'ReLU', 'params.n_layers': '6', 'params.hidden_units': '234', 'params.batch_size': '128', 'params.learning rate': '0.000523907613740364'}","{'metrics.lowest_val_loss': 0.6379744909845798, 'metrics.test_MAPE_norm': inf, 'metrics.test_By_MAE': 0.2652760446071625, 'metrics.val_loss_RMSE': 0.7100803256867028, 'metrics.test_By_MAEP': 1.5566219091415405, 'metrics.train_loss_RMSE': 0.5553311240868157, 'metrics.test_Bx_MAEP': 0.9977638125419617, 'metrics.test_RMSE': 0.615197331340434, 'metrics.test_Bx_MAE': 0.2614738345146179, 'metrics.test_MAE_norm': 0.5049477347916964, 'metrics.test_Bz_MAE': 0.3378934860229492, 'metrics.test_Bz_MAEP': 3.8581249713897705, 'metrics.final_val_loss': nan}"
a26b3909f677411ea95a0aa00f2161bc,nested,"{'params.activation': 'ReLU', 'params.n_layers': '6', 'params.hidden_units': '250', 'params.batch_size': '128', 'params.learning rate': '0.00047565216606280567'}","{'metrics.lowest_val_loss': 0.6447402660907, 'metrics.test_MAPE_norm': inf, 'metrics.test_By_MAE': 0.26842108368873596, 'metrics.val_loss_RMSE': 0.6548835137527732, 'metrics.test_By_MAEP': 1.486116886138916, 'metrics.train_loss_RMSE': 0.6043149334566218, 'metrics.test_Bx_MAEP': 0.9431005120277405, 'metrics.test_RMSE': 0.6396213761654306, 'metrics.test_Bx_MAE': 0.2515517473220825, 'metrics.test_MAE_norm': 0.5155639748253891, 'metrics.test_Bz_MAE': 0.3583362102508545, 'metrics.test_Bz_MAEP': 4.045564651489258, 'metrics.final_val_loss': nan}"
5bc844421ed640168431b2e1cc2174c9,nested,"{'params.activation': 'ReLU', 'params.n_layers': '6', 'params.hidden_units': '247', 'params.batch_size': '128', 'params.learning rate': '0.0004889826114044401'}","{'metrics.lowest_val_loss': 0.6067035569118785, 'metrics.test_MAPE_norm': inf, 'metrics.test_By_MAE': 0.2618623971939087, 'metrics.val_loss_RMSE': 0.7353975745278704, 'metrics.test_By_MAEP': 1.4336340427398682, 'metrics.train_loss_RMSE': 0.6391548934015893, 'metrics.test_Bx_MAEP': 0.9527762532234192, 'metrics.test_RMSE': 0.6076625079187523, 'metrics.test_Bx_MAE': 0.2477446049451828, 'metrics.test_MAE_norm': 0.4938776772558404, 'metrics.test_Bz_MAE': 0.3343147933483124, 'metrics.test_Bz_MAEP': 3.532309055328369, 'metrics.final_val_loss': nan}"
85e51cb9c46f48baa153f8fd0a8295dd,nested,"{'params.activation': 'ReLU', 'params.n_layers': '2', 'params.hidden_units': '239', 'params.batch_size': '128', 'params.learning rate': '0.0006008700078096994'}","{'metrics.lowest_val_loss': 1.2312410874273791, 'metrics.test_MAPE_norm': inf, 'metrics.test_By_MAE': 0.6071807146072388, 'metrics.val_loss_RMSE': 1.2312410874273791, 'metrics.test_By_MAEP': 3.4115588665008545, 'metrics.train_loss_RMSE': 1.0733595791841568, 'metrics.test_Bx_MAEP': 2.2888436317443848, 'metrics.test_RMSE': 1.2340790601371583, 'metrics.test_Bx_MAE': 0.604056179523468, 'metrics.test_MAE_norm': 1.1566045386939527, 'metrics.test_Bz_MAE': 0.7718163728713989, 'metrics.test_Bz_MAEP': 8.784859657287598, 'metrics.final_val_loss': nan}"
8724f27a97ea426d9f33be5c1a9fdfe5,nested,"{'params.activation': 'ReLU', 'params.n_layers': '6', 'params.hidden_units': '247', 'params.batch_size': '128', 'params.learning rate': '0.0004156340212124439'}","{'metrics.lowest_val_loss': 0.6214902805698448, 'metrics.test_MAPE_norm': inf, 'metrics.test_By_MAE': 0.2616688311100006, 'metrics.val_loss_RMSE': 0.9444684373780059, 'metrics.test_By_MAEP': 1.428939938545227, 'metrics.train_loss_RMSE': 0.6080291503183115, 'metrics.test_Bx_MAEP': 0.9783462285995483, 'metrics.test_RMSE': 0.6329606778604386, 'metrics.test_Bx_MAE': 0.25707975029945374, 'metrics.test_MAE_norm': 0.4979120423063707, 'metrics.test_Bz_MAE': 0.3334260582923889, 'metrics.test_Bz_MAEP': 3.805677652359009, 'metrics.final_val_loss': nan}"
acc5a90b32f14358b270a94d2903074e,nested,"{'params.activation': 'ReLU', 'params.n_layers': '6', 'params.hidden_units': '226', 'params.batch_size': '128', 'params.learning rate': '0.0005603776650445406'}","{'metrics.lowest_val_loss': 0.664931140632918, 'metrics.test_MAPE_norm': inf, 'metrics.test_By_MAE': 0.27764591574668884, 'metrics.val_loss_RMSE': 0.7312065595721918, 'metrics.test_By_MAEP': 1.491364598274231, 'metrics.train_loss_RMSE': 0.7297509708995743, 'metrics.test_Bx_MAEP': 1.0456626415252686, 'metrics.test_RMSE': 0.6484477576215626, 'metrics.test_Bx_MAE': 0.2808101773262024, 'metrics.test_MAE_norm': 0.5206917542875098, 'metrics.test_Bz_MAE': 0.33558276295661926, 'metrics.test_Bz_MAEP': 3.80948805809021, 'metrics.final_val_loss': nan}"
8d3fbe4141104498965f4fdc1a61b446,nested,"{'params.activation': 'wavelet', 'params.n_layers': '6', 'params.hidden_units': '245', 'params.batch_size': '128', 'params.learning rate': '0.000266117204420135'}","{'metrics.lowest_val_loss': 1.2824042305401084, 'metrics.test_MAPE_norm': inf, 'metrics.test_By_MAE': 0.4789730906486511, 'metrics.val_loss_RMSE': 1.3212379312092255, 'metrics.test_By_MAEP': 2.7920515537261963, 'metrics.train_loss_RMSE': 0.9718122327946619, 'metrics.test_Bx_MAEP': 1.8106738328933716, 'metrics.test_RMSE': 1.2829130858300302, 'metrics.test_Bx_MAE': 0.4817092716693878, 'metrics.test_MAE_norm': 0.9285783280025829, 'metrics.test_Bz_MAE': 0.6266915798187256, 'metrics.test_Bz_MAEP': 7.3998613357543945, 'metrics.final_val_loss': nan}"
5a1a56807bb64af981b09c8864804c2a,nested,"{'params.activation': 'ReLU', 'params.n_layers': '6', 'params.hidden_units': '236', 'params.batch_size': '128', 'params.learning rate': '0.0004959009795249765'}","{'metrics.lowest_val_loss': 0.6383138750063142, 'metrics.test_MAPE_norm': inf, 'metrics.test_By_MAE': 0.27439171075820923, 'metrics.val_loss_RMSE': 0.7680050740147212, 'metrics.test_By_MAEP': 1.5492043495178223, 'metrics.train_loss_RMSE': 0.6746401952068549, 'metrics.test_Bx_MAEP': 0.976563036441803, 'metrics.test_RMSE': 0.6256919401532549, 'metrics.test_Bx_MAE': 0.2618405818939209, 'metrics.test_MAE_norm': 0.5064197644662629, 'metrics.test_Bz_MAE': 0.33261796832084656, 'metrics.test_Bz_MAEP': 3.824293375015259, 'metrics.final_val_loss': nan}"
3188aff05a224173b39e80e558f28009,nested,"{'params.activation': 'ReLU', 'params.n_layers': '6', 'params.hidden_units': '244', 'params.batch_size': '128', 'params.learning rate': '0.00035530885915455705'}","{'metrics.lowest_val_loss': 0.6383005374694277, 'metrics.test_MAPE_norm': inf, 'metrics.test_By_MAE': 0.2578886151313782, 'metrics.val_loss_RMSE': 0.7179408512687038, 'metrics.test_By_MAEP': 1.4637244939804077, 'metrics.train_loss_RMSE': 0.5842069573771185, 'metrics.test_Bx_MAEP': 0.9041012525558472, 'metrics.test_RMSE': 0.6368194860058265, 'metrics.test_Bx_MAE': 0.24754364788532257, 'metrics.test_MAE_norm': 0.5038527334420875, 'metrics.test_Bz_MAE': 0.35218819975852966, 'metrics.test_Bz_MAEP': 3.947352170944214, 'metrics.final_val_loss': nan}"
8540007ef11646388847953e8337a9ef,nested,"{'params.activation': 'ReLU', 'params.n_layers': '6', 'params.hidden_units': '233', 'params.batch_size': '128', 'params.learning rate': '0.0004647746748075074'}","{'metrics.lowest_val_loss': 0.6268192970019671, 'metrics.test_MAPE_norm': inf, 'metrics.test_By_MAE': 0.2686055898666382, 'metrics.val_loss_RMSE': 0.6443567763149, 'metrics.test_By_MAEP': 1.467240333557129, 'metrics.train_loss_RMSE': 0.6368115731253327, 'metrics.test_Bx_MAEP': 1.005981206893921, 'metrics.test_RMSE': 0.631195394234515, 'metrics.test_Bx_MAE': 0.26482072472572327, 'metrics.test_MAE_norm': 0.5145627532564282, 'metrics.test_Bz_MAE': 0.3468605577945709, 'metrics.test_Bz_MAEP': 3.772399663925171, 'metrics.final_val_loss': nan}"
86c1f422002b4dfaa10e6aa1e9bd8f43,nested,"{'params.activation': 'ReLU', 'params.n_layers': '6', 'params.hidden_units': '149', 'params.batch_size': '128', 'params.learning rate': '0.0003984386618310252'}","{'metrics.lowest_val_loss': 0.7484759835549369, 'metrics.test_MAPE_norm': inf, 'metrics.test_By_MAE': 0.3325239419937134, 'metrics.val_loss_RMSE': 0.8214811482806511, 'metrics.test_By_MAEP': 1.8853986263275146, 'metrics.train_loss_RMSE': 0.6881004115751803, 'metrics.test_Bx_MAEP': 1.2667841911315918, 'metrics.test_RMSE': 0.7674364240870998, 'metrics.test_Bx_MAE': 0.33356040716171265, 'metrics.test_MAE_norm': 0.6406594891297189, 'metrics.test_Bz_MAE': 0.4305346608161926, 'metrics.test_Bz_MAEP': 4.798226833343506, 'metrics.final_val_loss': nan}"
05c16a70e98b4f03865a8fd8f6b087a8,nested,"{'params.activation': 'ReLU', 'params.n_layers': '6', 'params.hidden_units': '228', 'params.batch_size': '128', 'params.learning rate': '0.00032608528754059853'}","{'metrics.lowest_val_loss': 0.6421771464352948, 'metrics.test_MAPE_norm': inf, 'metrics.test_By_MAE': 0.2738272547721863, 'metrics.val_loss_RMSE': 0.7114572233441061, 'metrics.test_By_MAEP': 1.5677162408828735, 'metrics.train_loss_RMSE': 0.5797791615199229, 'metrics.test_Bx_MAEP': 1.0427649021148682, 'metrics.test_RMSE': 0.6491005613005105, 'metrics.test_Bx_MAE': 0.2793183922767639, 'metrics.test_MAE_norm': 0.5227045004732871, 'metrics.test_Bz_MAE': 0.3432904779911041, 'metrics.test_Bz_MAEP': 3.7922885417938232, 'metrics.final_val_loss': nan}"
2384eaf659c44fffb7a7103e8454c9b8,nested,"{'params.activation': 'ReLU', 'params.n_layers': '6', 'params.hidden_units': '241', 'params.batch_size': '128', 'params.learning rate': '0.0003774603883423514'}","{'metrics.lowest_val_loss': 0.650723713234101, 'metrics.test_MAPE_norm': inf, 'metrics.test_By_MAE': 0.2668270468711853, 'metrics.val_loss_RMSE': 0.9309460861475946, 'metrics.test_By_MAEP': 1.5149825811386108, 'metrics.train_loss_RMSE': 0.5536629268278948, 'metrics.test_Bx_MAEP': 1.007677435874939, 'metrics.test_RMSE': 0.6452192047320351, 'metrics.test_Bx_MAE': 0.2648621201515198, 'metrics.test_MAE_norm': 0.5089767987363076, 'metrics.test_Bz_MAE': 0.3399449288845062, 'metrics.test_Bz_MAEP': 3.677365779876709, 'metrics.final_val_loss': nan}"
0f8b5aa862eb4c66b07052365dabd9e8,nested,"{'params.activation': 'ReLU', 'params.n_layers': '6', 'params.hidden_units': '242', 'params.batch_size': '128', 'params.learning rate': '0.00039672986357550073'}","{'metrics.lowest_val_loss': 0.5903288318178169, 'metrics.test_MAPE_norm': inf, 'metrics.test_By_MAE': 0.24764712154865265, 'metrics.val_loss_RMSE': 0.6894719500459677, 'metrics.test_By_MAEP': 1.3621658086776733, 'metrics.train_loss_RMSE': 0.6369196259678543, 'metrics.test_Bx_MAEP': 0.9173533320426941, 'metrics.test_RMSE': 0.5872962908206543, 'metrics.test_Bx_MAE': 0.2391565889120102, 'metrics.test_MAE_norm': 0.465201730933486, 'metrics.test_Bz_MAE': 0.3098140060901642, 'metrics.test_Bz_MAEP': 3.3780548572540283, 'metrics.final_val_loss': nan}"
b3d6d21ab14d49b19d0c6f875c6bc275,nested,"{'params.activation': 'ReLU', 'params.n_layers': '6', 'params.hidden_units': '244', 'params.batch_size': '128', 'params.learning rate': '0.0004704845327442421'}","{'metrics.lowest_val_loss': 0.6083093709398628, 'metrics.test_MAPE_norm': inf, 'metrics.test_By_MAE': 0.24852254986763, 'metrics.val_loss_RMSE': 0.7554934798653626, 'metrics.test_By_MAEP': 1.386562705039978, 'metrics.train_loss_RMSE': 0.531264382396698, 'metrics.test_Bx_MAEP': 0.9239202737808228, 'metrics.test_RMSE': 0.5849719547414339, 'metrics.test_Bx_MAE': 0.24686892330646515, 'metrics.test_MAE_norm': 0.4719154713541697, 'metrics.test_Bz_MAE': 0.3134957253932953, 'metrics.test_Bz_MAEP': 3.513429880142212, 'metrics.final_val_loss': nan}"
0616050f31c54570861efe9e7499e617,nested,"{'params.activation': 'ReLU', 'params.n_layers': '6', 'params.hidden_units': '222', 'params.batch_size': '128', 'params.learning rate': '0.0005180635165718264'}","{'metrics.lowest_val_loss': 0.6405229472082762, 'metrics.test_MAPE_norm': inf, 'metrics.test_By_MAE': 0.2780103385448456, 'metrics.val_loss_RMSE': 0.6716888519082599, 'metrics.test_By_MAEP': 1.584161400794983, 'metrics.train_loss_RMSE': 0.6026418218853097, 'metrics.test_Bx_MAEP': 0.9898515343666077, 'metrics.test_RMSE': 0.630557978282012, 'metrics.test_Bx_MAE': 0.2694760859012604, 'metrics.test_MAE_norm': 0.514266390692104, 'metrics.test_Bz_MAE': 0.3356078565120697, 'metrics.test_Bz_MAEP': 3.717655897140503, 'metrics.final_val_loss': nan}"
d246f29a73b142e5994b4e6d39cc3cf0,nested,"{'params.activation': 'ReLU', 'params.n_layers': '5', 'params.hidden_units': '239', 'params.batch_size': '32', 'params.learning rate': '0.0003815060065731101'}","{'metrics.lowest_val_loss': 0.6941066117201837, 'metrics.test_MAPE_norm': inf, 'metrics.test_By_MAE': 0.30630481243133545, 'metrics.val_loss_RMSE': 0.7585382274215327, 'metrics.test_By_MAEP': 1.6106382608413696, 'metrics.train_loss_RMSE': 0.6741282822697106, 'metrics.test_Bx_MAEP': 1.2022078037261963, 'metrics.test_RMSE': 0.6785071326263176, 'metrics.test_Bx_MAE': 0.2915218472480774, 'metrics.test_MAE_norm': 0.5917588396791066, 'metrics.test_Bz_MAE': 0.40336716175079346, 'metrics.test_Bz_MAEP': 4.203909397125244, 'metrics.final_val_loss': nan}"
c7153f1c52d44b5b849ba85f0564a006,nested,"{'params.activation': 'ReLU', 'params.n_layers': '6', 'params.hidden_units': '245', 'params.batch_size': '128', 'params.learning rate': '0.00038453701894390017'}","{'metrics.lowest_val_loss': 0.619531660650349, 'metrics.test_MAPE_norm': inf, 'metrics.test_By_MAE': 0.26080605387687683, 'metrics.val_loss_RMSE': 0.619531660650349, 'metrics.test_By_MAEP': 1.3717421293258667, 'metrics.train_loss_RMSE': 0.5238073965985596, 'metrics.test_Bx_MAEP': 0.9412505626678467, 'metrics.test_RMSE': 0.599011305354035, 'metrics.test_Bx_MAE': 0.251853883266449, 'metrics.test_MAE_norm': 0.4861612811898501, 'metrics.test_Bz_MAE': 0.3207303583621979, 'metrics.test_Bz_MAEP': 3.6310620307922363, 'metrics.final_val_loss': nan}"
3f364d4710c2404780bafba0205e22e0,nested,"{'params.activation': 'ReLU', 'params.n_layers': '6', 'params.hidden_units': '235', 'params.batch_size': '128', 'params.learning rate': '0.0004315316152311958'}","{'metrics.lowest_val_loss': 0.6606413783162819, 'metrics.test_MAPE_norm': inf, 'metrics.test_By_MAE': 0.28524309396743774, 'metrics.val_loss_RMSE': 0.6738173379380565, 'metrics.test_By_MAEP': 1.5868691205978394, 'metrics.train_loss_RMSE': 0.5312672584867183, 'metrics.test_Bx_MAEP': 1.0894558429718018, 'metrics.test_RMSE': 0.6624020992772987, 'metrics.test_Bx_MAE': 0.28696122765541077, 'metrics.test_MAE_norm': 0.5411478862808081, 'metrics.test_Bz_MAE': 0.35606393218040466, 'metrics.test_Bz_MAEP': 3.914940118789673, 'metrics.final_val_loss': nan}"
d7f06aec29664934b0319172c41bde1a,nested,"{'params.activation': 'ReLU', 'params.n_layers': '6', 'params.hidden_units': '244', 'params.batch_size': '128', 'params.learning rate': '0.0004909039051997128'}","{'metrics.lowest_val_loss': 0.6646576116768615, 'metrics.test_MAPE_norm': inf, 'metrics.test_By_MAE': 0.2881876528263092, 'metrics.val_loss_RMSE': 0.7080755500190352, 'metrics.test_By_MAEP': 1.5981848239898682, 'metrics.train_loss_RMSE': 0.5574754281512356, 'metrics.test_Bx_MAEP': 1.0267977714538574, 'metrics.test_RMSE': 0.6677042567875155, 'metrics.test_Bx_MAE': 0.2705635726451874, 'metrics.test_MAE_norm': 0.5326088330392061, 'metrics.test_Bz_MAE': 0.35332992672920227, 'metrics.test_Bz_MAEP': 3.9662444591522217, 'metrics.final_val_loss': nan}"
f5dd968618f747779e8be999fe3e0a48,nested,"{'params.activation': 'ReLU', 'params.n_layers': '5', 'params.hidden_units': '232', 'params.batch_size': '128', 'params.learning rate': '0.0004194680791353084'}","{'metrics.lowest_val_loss': 0.6579697127662266, 'metrics.test_MAPE_norm': inf, 'metrics.test_By_MAE': 0.28751108050346375, 'metrics.val_loss_RMSE': 0.7305151199370146, 'metrics.test_By_MAEP': 1.652766466140747, 'metrics.train_loss_RMSE': 0.6443931091247953, 'metrics.test_Bx_MAEP': 1.0724669694900513, 'metrics.test_RMSE': 0.6518482144478509, 'metrics.test_Bx_MAE': 0.28003889322280884, 'metrics.test_MAE_norm': 0.5396414444777384, 'metrics.test_Bz_MAE': 0.3576783537864685, 'metrics.test_Bz_MAEP': 3.8978028297424316, 'metrics.final_val_loss': nan}"
7ccfb662a54a419fb2193fc0ba0aa716,nested,"{'params.activation': 'ReLU', 'params.n_layers': '6', 'params.hidden_units': '240', 'params.batch_size': '128', 'params.learning rate': '0.0004518672093424347'}","{'metrics.lowest_val_loss': 0.633472789273595, 'metrics.test_MAPE_norm': inf, 'metrics.test_By_MAE': 0.2739136219024658, 'metrics.val_loss_RMSE': 0.6929722342971723, 'metrics.test_By_MAEP': 1.5218173265457153, 'metrics.train_loss_RMSE': 0.6573191741391402, 'metrics.test_Bx_MAEP': 0.9591618776321411, 'metrics.test_RMSE': 0.6358101243912425, 'metrics.test_Bx_MAE': 0.2584245800971985, 'metrics.test_MAE_norm': 0.5053459688236839, 'metrics.test_Bz_MAE': 0.3339686691761017, 'metrics.test_Bz_MAEP': 3.7621946334838867, 'metrics.final_val_loss': nan}"
36a6ff75a3e44f0dbf616a1a02274afe,nested,"{'params.activation': 'ReLU', 'params.n_layers': '6', 'params.hidden_units': '240', 'params.batch_size': '128', 'params.learning rate': '0.00043981175634644513'}","{'metrics.lowest_val_loss': 0.6089065018507445, 'metrics.test_MAPE_norm': inf, 'metrics.test_By_MAE': 0.2597576379776001, 'metrics.val_loss_RMSE': 0.7325533578675996, 'metrics.test_By_MAEP': 1.4823365211486816, 'metrics.train_loss_RMSE': 0.5318465565100485, 'metrics.test_Bx_MAEP': 0.932043731212616, 'metrics.test_RMSE': 0.6006887086739975, 'metrics.test_Bx_MAE': 0.2494591772556305, 'metrics.test_MAE_norm': 0.4910695574215154, 'metrics.test_Bz_MAE': 0.33056890964508057, 'metrics.test_Bz_MAEP': 3.7854998111724854, 'metrics.final_val_loss': nan}"
2ec8c91f072f4abb8e6d972ed8ab5f3a,nested,"{'params.activation': 'ReLU', 'params.n_layers': '6', 'params.hidden_units': '245', 'params.batch_size': '128', 'params.learning rate': '0.00043771266977859157'}","{'metrics.lowest_val_loss': 0.6081768144601732, 'metrics.test_MAPE_norm': inf, 'metrics.test_By_MAE': 0.27581968903541565, 'metrics.val_loss_RMSE': 0.6192590304230252, 'metrics.test_By_MAEP': 1.5336605310440063, 'metrics.train_loss_RMSE': 0.5569523321149323, 'metrics.test_Bx_MAEP': 1.0057687759399414, 'metrics.test_RMSE': 0.6101119723159323, 'metrics.test_Bx_MAE': 0.26273319125175476, 'metrics.test_MAE_norm': 0.4993379331376564, 'metrics.test_Bz_MAE': 0.3199179172515869, 'metrics.test_Bz_MAEP': 3.6641080379486084, 'metrics.final_val_loss': nan}"
9824c7d3eedf47599074b2b15906751d,nested,"{'params.activation': 'ReLU', 'params.n_layers': '6', 'params.hidden_units': '245', 'params.batch_size': '128', 'params.learning rate': '0.0004495362236375364'}","{'metrics.lowest_val_loss': 0.6227847820669695, 'metrics.test_MAPE_norm': inf, 'metrics.test_By_MAE': 0.26417380571365356, 'metrics.val_loss_RMSE': 0.6249918126254272, 'metrics.test_By_MAEP': 1.4693996906280518, 'metrics.train_loss_RMSE': 0.5100124136955806, 'metrics.test_Bx_MAEP': 1.1011444330215454, 'metrics.test_RMSE': 0.6231716468950943, 'metrics.test_Bx_MAE': 0.2845405638217926, 'metrics.test_MAE_norm': 0.5122592292333904, 'metrics.test_Bz_MAE': 0.3308972716331482, 'metrics.test_Bz_MAEP': 3.6650426387786865, 'metrics.final_val_loss': nan}"
be4a142cc9184a0fb1ba15a939ac4ee4,nested,"{'params.activation': 'tanh', 'params.n_layers': '6', 'params.hidden_units': '250', 'params.batch_size': '128', 'params.learning rate': '0.0003499205034994369'}","{'metrics.lowest_val_loss': 0.8329368909941072, 'metrics.test_MAPE_norm': inf, 'metrics.test_By_MAE': 0.36470186710357666, 'metrics.val_loss_RMSE': 1.024072822698621, 'metrics.test_By_MAEP': 2.0979464054107666, 'metrics.train_loss_RMSE': 0.7259950658482465, 'metrics.test_Bx_MAEP': 1.2216265201568604, 'metrics.test_RMSE': 0.8610358298363008, 'metrics.test_Bx_MAE': 0.3234720826148987, 'metrics.test_MAE_norm': 0.6524764115445352, 'metrics.test_Bz_MAE': 0.42931675910949707, 'metrics.test_Bz_MAEP': 4.671163082122803, 'metrics.final_val_loss': nan}"
c320db5b041646d2b7243565420952a3,nested,"{'params.activation': 'ReLU', 'params.n_layers': '6', 'params.hidden_units': '246', 'params.batch_size': '128', 'params.learning rate': '0.00043056875849334527'}","{'metrics.lowest_val_loss': 0.5870007299159276, 'metrics.test_MAPE_norm': inf, 'metrics.test_By_MAE': 0.24263449013233185, 'metrics.val_loss_RMSE': 0.9251798192858635, 'metrics.test_By_MAEP': 1.3097858428955078, 'metrics.train_loss_RMSE': 0.5404825373461759, 'metrics.test_Bx_MAEP': 0.9262345433235168, 'metrics.test_RMSE': 0.5991489737732719, 'metrics.test_Bx_MAE': 0.24553528428077698, 'metrics.test_MAE_norm': 0.472902765684721, 'metrics.test_Bz_MAE': 0.3198978304862976, 'metrics.test_Bz_MAEP': 3.514434337615967, 'metrics.final_val_loss': nan}"
fd7ce7888cd4424f820d53360aaadd0b,nested,"{'params.activation': 'ReLU', 'params.n_layers': '6', 'params.hidden_units': '250', 'params.batch_size': '128', 'params.learning rate': '0.0004402937002170263'}","{'metrics.lowest_val_loss': 0.6175063779989479, 'metrics.test_MAPE_norm': inf, 'metrics.test_By_MAE': 0.25639790296554565, 'metrics.val_loss_RMSE': 0.7165749963320509, 'metrics.test_By_MAEP': 1.413588047027588, 'metrics.train_loss_RMSE': 0.5018103629434383, 'metrics.test_Bx_MAEP': 0.984742283821106, 'metrics.test_RMSE': 0.613347268012012, 'metrics.test_Bx_MAE': 0.2631162405014038, 'metrics.test_MAE_norm': 0.5005730503198633, 'metrics.test_Bz_MAE': 0.3369608223438263, 'metrics.test_Bz_MAEP': 3.717533826828003, 'metrics.final_val_loss': nan}"
840fb6fee78e4c188099e34030402acb,nested,"{'params.activation': 'ReLU', 'params.n_layers': '6', 'params.hidden_units': '230', 'params.batch_size': '128', 'params.learning rate': '1.729173904974304e-05'}","{'metrics.lowest_val_loss': 3.8908256115687276, 'metrics.test_MAPE_norm': inf, 'metrics.test_By_MAE': 1.6036639213562012, 'metrics.val_loss_RMSE': 3.922585565809468, 'metrics.test_By_MAEP': 8.746930122375488, 'metrics.train_loss_RMSE': 3.757075465039073, 'metrics.test_Bx_MAEP': 5.900949478149414, 'metrics.test_RMSE': 3.810837238177753, 'metrics.test_Bx_MAE': 1.5955359935760498, 'metrics.test_MAE_norm': 3.033374667738043, 'metrics.test_Bz_MAE': 2.0012600421905518, 'metrics.test_Bz_MAEP': 23.023029327392578, 'metrics.final_val_loss': nan}"
537775e824b0486e92a315adb2cbd10d,nested,"{'params.activation': 'ReLU', 'params.n_layers': '6', 'params.hidden_units': '239', 'params.batch_size': '128', 'params.learning rate': '0.0005163060216398778'}","{'metrics.lowest_val_loss': 0.6521625594318561, 'metrics.test_MAPE_norm': inf, 'metrics.test_By_MAE': 0.27154871821403503, 'metrics.val_loss_RMSE': 0.7346684443586455, 'metrics.test_By_MAEP': 1.511295199394226, 'metrics.train_loss_RMSE': 0.49366565364639586, 'metrics.test_Bx_MAEP': 1.0555925369262695, 'metrics.test_RMSE': 0.6492837200274854, 'metrics.test_Bx_MAE': 0.284261018037796, 'metrics.test_MAE_norm': 0.5328391331234618, 'metrics.test_Bz_MAE': 0.3562667965888977, 'metrics.test_Bz_MAEP': 3.917313814163208, 'metrics.final_val_loss': nan}"
c9905c9b47084ab59f272912b7a9b14c,nested,"{'params.activation': 'ReLU', 'params.n_layers': '6', 'params.hidden_units': '133', 'params.batch_size': '128', 'params.learning rate': '0.0004011490863378867'}","{'metrics.lowest_val_loss': 0.8306167258834528, 'metrics.test_MAPE_norm': inf, 'metrics.test_By_MAE': 0.365777850151062, 'metrics.val_loss_RMSE': 0.9161153536876255, 'metrics.test_By_MAEP': 1.9764158725738525, 'metrics.train_loss_RMSE': 0.7723672502036938, 'metrics.test_Bx_MAEP': 1.4304877519607544, 'metrics.test_RMSE': 0.8426934075200379, 'metrics.test_Bx_MAE': 0.37609609961509705, 'metrics.test_MAE_norm': 0.6979126328486575, 'metrics.test_Bz_MAE': 0.45591774582862854, 'metrics.test_Bz_MAEP': 4.864837646484375, 'metrics.final_val_loss': nan}"
1412903926bd4a099336f2bea12a73e6,nested,"{'params.activation': 'ReLU', 'params.n_layers': '6', 'params.hidden_units': '250', 'params.batch_size': '128', 'params.learning rate': '0.0005028903854725848'}","{'metrics.lowest_val_loss': 0.6110841885804512, 'metrics.test_MAPE_norm': inf, 'metrics.test_By_MAE': 0.2582292854785919, 'metrics.val_loss_RMSE': 0.7067631659382833, 'metrics.test_By_MAEP': 1.489145278930664, 'metrics.train_loss_RMSE': 0.5853927074728897, 'metrics.test_Bx_MAEP': 0.9271708726882935, 'metrics.test_RMSE': 0.6140287099156808, 'metrics.test_Bx_MAE': 0.2510729432106018, 'metrics.test_MAE_norm': 0.4881956466077047, 'metrics.test_Bz_MAE': 0.3264404237270355, 'metrics.test_Bz_MAEP': 3.516577959060669, 'metrics.final_val_loss': nan}"
a0b0871ed243470aa00fd29c33e3e54c,nested,"{'params.activation': 'ReLU', 'params.n_layers': '7', 'params.hidden_units': '235', 'params.batch_size': '128', 'params.learning rate': '0.000751485846208051'}","{'metrics.lowest_val_loss': 0.6816225188883624, 'metrics.test_MAPE_norm': inf, 'metrics.test_By_MAE': 0.29912227392196655, 'metrics.val_loss_RMSE': 0.8235286084491378, 'metrics.test_By_MAEP': 1.6759511232376099, 'metrics.train_loss_RMSE': 0.6350454206986323, 'metrics.test_Bx_MAEP': 1.1151065826416016, 'metrics.test_RMSE': 0.6644604075661075, 'metrics.test_Bx_MAE': 0.29337963461875916, 'metrics.test_MAE_norm': 0.5584774246911683, 'metrics.test_Bz_MAE': 0.36594313383102417, 'metrics.test_Bz_MAEP': 4.152599811553955, 'metrics.final_val_loss': nan}"
7a3694f2569547818866cc23c625bcc0,nested,"{'params.activation': 'ReLU', 'params.n_layers': '7', 'params.hidden_units': '246', 'params.batch_size': '128', 'params.learning rate': '0.0005836330256184153'}","{'metrics.lowest_val_loss': 0.6402163429545549, 'metrics.test_MAPE_norm': inf, 'metrics.test_By_MAE': 0.27201253175735474, 'metrics.val_loss_RMSE': 0.742260389069546, 'metrics.test_By_MAEP': 1.4852851629257202, 'metrics.train_loss_RMSE': 0.591055474153262, 'metrics.test_Bx_MAEP': 1.0104751586914062, 'metrics.test_RMSE': 0.6413456371234885, 'metrics.test_Bx_MAE': 0.2684694230556488, 'metrics.test_MAE_norm': 0.5324919560309233, 'metrics.test_Bz_MAE': 0.36765506863594055, 'metrics.test_Bz_MAEP': 4.148075580596924, 'metrics.final_val_loss': nan}"
8b2af195a7fa4599bdb7b9f2a1d90424,nested,"{'params.activation': 'ReLU', 'params.n_layers': '7', 'params.hidden_units': '244', 'params.batch_size': '128', 'params.learning rate': '0.0006414636488275491'}","{'metrics.lowest_val_loss': 0.6494119663819657, 'metrics.test_MAPE_norm': inf, 'metrics.test_By_MAE': 0.2803628146648407, 'metrics.val_loss_RMSE': 0.8917455212887778, 'metrics.test_By_MAEP': 1.6112849712371826, 'metrics.train_loss_RMSE': 0.61359930674227, 'metrics.test_Bx_MAEP': 1.0685265064239502, 'metrics.test_RMSE': 0.649466932543274, 'metrics.test_Bx_MAE': 0.28181174397468567, 'metrics.test_MAE_norm': 0.5292982741406089, 'metrics.test_Bz_MAE': 0.3458389341831207, 'metrics.test_Bz_MAEP': 3.9610564708709717, 'metrics.final_val_loss': nan}"
94d2b058fd28405ab71cfec1e97d7116,nested,"{'params.activation': 'wavelet', 'params.n_layers': '6', 'params.hidden_units': '226', 'params.batch_size': '128', 'params.learning rate': '0.0002826473469789611'}","{'metrics.lowest_val_loss': 1.211267240585452, 'metrics.test_MAPE_norm': inf, 'metrics.test_By_MAE': 0.45528727769851685, 'metrics.val_loss_RMSE': 1.2666565122640085, 'metrics.test_By_MAEP': 2.633610486984253, 'metrics.train_loss_RMSE': 0.8987421064318929, 'metrics.test_Bx_MAEP': 1.6376019716262817, 'metrics.test_RMSE': 1.180150173846508, 'metrics.test_Bx_MAE': 0.4482147991657257, 'metrics.test_MAE_norm': 0.8529827112786508, 'metrics.test_Bz_MAE': 0.5586663484573364, 'metrics.test_Bz_MAEP': 5.928075790405273, 'metrics.final_val_loss': nan}"
49004d54cc1744a5ada3383448c9fab7,nested,"{'params.activation': 'ReLU', 'params.n_layers': '6', 'params.hidden_units': '209', 'params.batch_size': '128', 'params.learning rate': '0.00046613612441608125'}","{'metrics.lowest_val_loss': 0.6501204420909357, 'metrics.test_MAPE_norm': inf, 'metrics.test_By_MAE': 0.2705158591270447, 'metrics.val_loss_RMSE': 0.7353122956086934, 'metrics.test_By_MAEP': 1.519797921180725, 'metrics.train_loss_RMSE': 0.6675507739675913, 'metrics.test_Bx_MAEP': 1.0588781833648682, 'metrics.test_RMSE': 0.6503074728005701, 'metrics.test_Bx_MAE': 0.2765922546386719, 'metrics.test_MAE_norm': 0.5287646192112608, 'metrics.test_Bz_MAE': 0.3573198914527893, 'metrics.test_Bz_MAEP': 3.957289934158325, 'metrics.final_val_loss': nan}"
e146a4b7eb124394a301571727ae8d76,nested,"{'params.activation': 'ReLU', 'params.n_layers': '5', 'params.hidden_units': '250', 'params.batch_size': '128', 'params.learning rate': '0.00036332926438065183'}","{'metrics.lowest_val_loss': 0.6445471457474142, 'metrics.test_MAPE_norm': inf, 'metrics.test_By_MAE': 0.2724664807319641, 'metrics.val_loss_RMSE': 0.6515909451572899, 'metrics.test_By_MAEP': 1.593615174293518, 'metrics.train_loss_RMSE': 0.5682208559781649, 'metrics.test_Bx_MAEP': 0.9880288243293762, 'metrics.test_RMSE': 0.6445382340605778, 'metrics.test_Bx_MAE': 0.26300710439682007, 'metrics.test_MAE_norm': 0.5112329434835169, 'metrics.test_Bz_MAE': 0.34012749791145325, 'metrics.test_Bz_MAEP': 3.8741250038146973, 'metrics.final_val_loss': nan}"
6e4c2c7d11154c3e9c212c74663b45e1,nested,"{'params.activation': 'ReLU', 'params.n_layers': '6', 'params.hidden_units': '241', 'params.batch_size': '128', 'params.learning rate': '0.0005248449250700603'}","{'metrics.lowest_val_loss': 0.6357553124100294, 'metrics.test_MAPE_norm': inf, 'metrics.test_By_MAE': 0.26041263341903687, 'metrics.val_loss_RMSE': 0.7675335601168207, 'metrics.test_By_MAEP': 1.4522011280059814, 'metrics.train_loss_RMSE': 0.6075853283592642, 'metrics.test_Bx_MAEP': 0.96462482213974, 'metrics.test_RMSE': 0.6186167220957657, 'metrics.test_Bx_MAE': 0.2610325813293457, 'metrics.test_MAE_norm': 0.5100123605659704, 'metrics.test_Bz_MAE': 0.3495829701423645, 'metrics.test_Bz_MAEP': 4.092133045196533, 'metrics.final_val_loss': nan}"
c02947de79114d60af516854db271ec4,nested,"{'params.activation': 'ReLU', 'params.n_layers': '8', 'params.hidden_units': '231', 'params.batch_size': '128', 'params.learning rate': '0.0004195879621575836'}","{'metrics.lowest_val_loss': 0.6592028655730454, 'metrics.test_MAPE_norm': inf, 'metrics.test_By_MAE': 0.27382707595825195, 'metrics.val_loss_RMSE': 0.704198727045896, 'metrics.test_By_MAEP': 1.5111300945281982, 'metrics.train_loss_RMSE': 0.7049744312732482, 'metrics.test_Bx_MAEP': 1.044800877571106, 'metrics.test_RMSE': 0.6649534968594387, 'metrics.test_Bx_MAE': 0.27114906907081604, 'metrics.test_MAE_norm': 0.5252727990230305, 'metrics.test_Bz_MAE': 0.3536795675754547, 'metrics.test_Bz_MAEP': 3.9877259731292725, 'metrics.final_val_loss': nan}"
611a1535e1a540d6aefc132b544a0f6b,nested,"{'params.activation': 'ReLU', 'params.n_layers': '7', 'params.hidden_units': '239', 'params.batch_size': '128', 'params.learning rate': '0.0003211405678849816'}","{'metrics.lowest_val_loss': 0.6674523954285084, 'metrics.test_MAPE_norm': inf, 'metrics.test_By_MAE': 0.2716805636882782, 'metrics.val_loss_RMSE': 0.7922209030663049, 'metrics.test_By_MAEP': 1.5080887079238892, 'metrics.train_loss_RMSE': 0.5115195105478938, 'metrics.test_Bx_MAEP': 1.0315335988998413, 'metrics.test_RMSE': 0.6697226845270027, 'metrics.test_Bx_MAE': 0.2755855917930603, 'metrics.test_MAE_norm': 0.5205752374738027, 'metrics.test_Bz_MAE': 0.34486740827560425, 'metrics.test_Bz_MAEP': 3.798771381378174, 'metrics.final_val_loss': nan}"
c99ab4bdf9a240fc99298e1cd92a5807,nested,"{'params.activation': 'ReLU', 'params.n_layers': '6', 'params.hidden_units': '245', 'params.batch_size': '128', 'params.learning rate': '0.0004651433239324971'}","{'metrics.lowest_val_loss': 0.6274596794983089, 'metrics.test_MAPE_norm': inf, 'metrics.test_By_MAE': 0.2547413408756256, 'metrics.val_loss_RMSE': 0.9372273893341837, 'metrics.test_By_MAEP': 1.3069422245025635, 'metrics.train_loss_RMSE': 0.5976090120415912, 'metrics.test_Bx_MAEP': 0.9513056874275208, 'metrics.test_RMSE': 0.615423540764864, 'metrics.test_Bx_MAE': 0.25284984707832336, 'metrics.test_MAE_norm': 0.49523721371541185, 'metrics.test_Bz_MAE': 0.3384065330028534, 'metrics.test_Bz_MAEP': 3.9217076301574707, 'metrics.final_val_loss': nan}"
b95bc5539a5048429ece4aa791ded9d3,nested,"{'params.activation': 'ReLU', 'params.n_layers': '6', 'params.hidden_units': '237', 'params.batch_size': '128', 'params.learning rate': '0.00022092162326153457'}","{'metrics.lowest_val_loss': 0.7161067478621086, 'metrics.test_MAPE_norm': inf, 'metrics.test_By_MAE': 0.30056244134902954, 'metrics.val_loss_RMSE': 0.7805508756476347, 'metrics.test_By_MAEP': 1.646712303161621, 'metrics.train_loss_RMSE': 0.5866357105127636, 'metrics.test_Bx_MAEP': 1.086885690689087, 'metrics.test_RMSE': 0.7088809408235749, 'metrics.test_Bx_MAE': 0.29028818011283875, 'metrics.test_MAE_norm': 0.5663311407326511, 'metrics.test_Bz_MAE': 0.3787912428379059, 'metrics.test_Bz_MAEP': 4.162106990814209, 'metrics.final_val_loss': nan}"
e97ae7dd07e349518a56dbd35fd471ea,nested,"{'params.activation': 'ReLU', 'params.n_layers': '7', 'params.hidden_units': '239', 'params.batch_size': '128', 'params.learning rate': '0.0004542155934626149'}","{'metrics.lowest_val_loss': 0.6170370771424027, 'metrics.test_MAPE_norm': inf, 'metrics.test_By_MAE': 0.2574405372142792, 'metrics.val_loss_RMSE': 0.6685555956359718, 'metrics.test_By_MAEP': 1.440442681312561, 'metrics.train_loss_RMSE': 0.7865949251362943, 'metrics.test_Bx_MAEP': 0.9817578792572021, 'metrics.test_RMSE': 0.6210504619917067, 'metrics.test_Bx_MAE': 0.25748518109321594, 'metrics.test_MAE_norm': 0.49689256289358913, 'metrics.test_Bz_MAE': 0.33528932929039, 'metrics.test_Bz_MAEP': 3.860706329345703, 'metrics.final_val_loss': nan}"
85ba1e5936a8469ba0d849fbfcbc46a1,nested,"{'params.activation': 'ReLU', 'params.n_layers': '6', 'params.hidden_units': '244', 'params.batch_size': '128', 'params.learning rate': '0.00035548949566796095'}","{'metrics.lowest_val_loss': 0.6397189931198742, 'metrics.test_MAPE_norm': inf, 'metrics.test_By_MAE': 0.2647511065006256, 'metrics.val_loss_RMSE': 0.6690715308111127, 'metrics.test_By_MAEP': 1.473389744758606, 'metrics.train_loss_RMSE': 0.5305181660543951, 'metrics.test_Bx_MAEP': 1.0140942335128784, 'metrics.test_RMSE': 0.645825239099419, 'metrics.test_Bx_MAE': 0.2645129859447479, 'metrics.test_MAE_norm': 0.5049572177766043, 'metrics.test_Bz_MAE': 0.33576250076293945, 'metrics.test_Bz_MAEP': 3.8632278442382812, 'metrics.final_val_loss': nan}"
689a3eda358a4d18a236204b504faed9,nested,"{'params.activation': 'ReLU', 'params.n_layers': '6', 'params.hidden_units': '231', 'params.batch_size': '128', 'params.learning rate': '0.00027527738608525284'}","{'metrics.lowest_val_loss': 0.6577503063473592, 'metrics.test_MAPE_norm': inf, 'metrics.test_By_MAE': 0.28197595477104187, 'metrics.val_loss_RMSE': 0.8015472423932918, 'metrics.test_By_MAEP': 1.508331060409546, 'metrics.train_loss_RMSE': 0.6123016134899398, 'metrics.test_Bx_MAEP': 1.0348342657089233, 'metrics.test_RMSE': 0.6588913207057523, 'metrics.test_Bx_MAE': 0.2799394428730011, 'metrics.test_MAE_norm': 0.5342475376916274, 'metrics.test_Bz_MAE': 0.3536277115345001, 'metrics.test_Bz_MAEP': 3.9235692024230957, 'metrics.final_val_loss': nan}"
780ae47bbb1745a2b71277021d5b05c6,nested,"{'params.activation': 'tanh', 'params.n_layers': '6', 'params.hidden_units': '170', 'params.batch_size': '128', 'params.learning rate': '0.0003888186835290598'}","{'metrics.lowest_val_loss': 0.766515351287133, 'metrics.test_MAPE_norm': inf, 'metrics.test_By_MAE': 0.33441805839538574, 'metrics.val_loss_RMSE': 1.023795742534314, 'metrics.test_By_MAEP': 1.9763025045394897, 'metrics.train_loss_RMSE': 0.7320031279067649, 'metrics.test_Bx_MAEP': 1.2318992614746094, 'metrics.test_RMSE': 0.7579634220313992, 'metrics.test_Bx_MAE': 0.3243301212787628, 'metrics.test_MAE_norm': 0.6257321295555699, 'metrics.test_Bz_MAE': 0.41411253809928894, 'metrics.test_Bz_MAEP': 4.944167137145996, 'metrics.final_val_loss': nan}"
043b46ea77904ec4a66ec2c78e3307af,nested,"{'params.activation': 'ReLU', 'params.n_layers': '6', 'params.hidden_units': '245', 'params.batch_size': '128', 'params.learning rate': '0.00038265645995201684'}","{'metrics.lowest_val_loss': 0.6190687346991233, 'metrics.test_MAPE_norm': inf, 'metrics.test_By_MAE': 0.25712528824806213, 'metrics.val_loss_RMSE': 0.8793723669377992, 'metrics.test_By_MAEP': 1.4209060668945312, 'metrics.train_loss_RMSE': 0.5701035215499047, 'metrics.test_Bx_MAEP': 0.999281644821167, 'metrics.test_RMSE': 0.6225376962020506, 'metrics.test_Bx_MAE': 0.25792375206947327, 'metrics.test_MAE_norm': 0.4918136173173001, 'metrics.test_Bz_MAE': 0.32747286558151245, 'metrics.test_Bz_MAEP': 3.804201126098633, 'metrics.final_val_loss': nan}"
bd5c51dfce374d009d2ce706d07ff00a,nested,"{'params.activation': 'ReLU', 'params.n_layers': '5', 'params.hidden_units': '237', 'params.batch_size': '128', 'params.learning rate': '1.0203469268140719e-05'}","{'metrics.lowest_val_loss': 5.085103708804135, 'metrics.test_MAPE_norm': inf, 'metrics.test_By_MAE': 2.186368227005005, 'metrics.val_loss_RMSE': 5.08812263497795, 'metrics.test_By_MAEP': 12.157005310058594, 'metrics.train_loss_RMSE': 5.041017591225021, 'metrics.test_Bx_MAEP': 7.856908798217773, 'metrics.test_RMSE': 5.054750790690668, 'metrics.test_Bx_MAE': 2.1004528999328613, 'metrics.test_MAE_norm': 4.284404100983907, 'metrics.test_Bz_MAE': 3.006812572479248, 'metrics.test_Bz_MAEP': 33.9976692199707, 'metrics.final_val_loss': nan}"
43c3aa5beabe43be9bcb0d10005ce859,nested,"{'params.activation': 'ReLU', 'params.n_layers': '6', 'params.hidden_units': '250', 'params.batch_size': '128', 'params.learning rate': '0.0003129743762730504'}","{'metrics.lowest_val_loss': 0.6382807339608806, 'metrics.test_MAPE_norm': inf, 'metrics.test_By_MAE': 0.2537526786327362, 'metrics.val_loss_RMSE': 0.6632185830652754, 'metrics.test_By_MAEP': 1.3772553205490112, 'metrics.train_loss_RMSE': 0.5822509037275274, 'metrics.test_Bx_MAEP': 1.0542598962783813, 'metrics.test_RMSE': 0.6367252191470304, 'metrics.test_Bx_MAE': 0.2738017737865448, 'metrics.test_MAE_norm': 0.5022921217115301, 'metrics.test_Bz_MAE': 0.3328479528427124, 'metrics.test_Bz_MAEP': 3.755270481109619, 'metrics.final_val_loss': nan}"
32366e289d234fa881bdefcb5a1069f0,nested,"{'params.activation': 'ReLU', 'params.n_layers': '6', 'params.hidden_units': '250', 'params.batch_size': '128', 'params.learning rate': '0.00031268983096985467'}","{'metrics.lowest_val_loss': 0.624354298949589, 'metrics.test_MAPE_norm': inf, 'metrics.test_By_MAE': 0.2912837862968445, 'metrics.val_loss_RMSE': 0.705889590542668, 'metrics.test_By_MAEP': 1.648036003112793, 'metrics.train_loss_RMSE': 0.6197605648143878, 'metrics.test_Bx_MAEP': 0.8958121538162231, 'metrics.test_RMSE': 0.6259339605555018, 'metrics.test_Bx_MAE': 0.24370642006397247, 'metrics.test_MAE_norm': 0.5028649964971406, 'metrics.test_Bz_MAE': 0.3262862265110016, 'metrics.test_Bz_MAEP': 3.578448534011841, 'metrics.final_val_loss': nan}"
d4120b2a61874847be66cc4f390ee784,nested,"{'params.activation': 'ReLU', 'params.n_layers': '6', 'params.hidden_units': '84', 'params.batch_size': '128', 'params.learning rate': '0.00024596647401214683'}","{'metrics.lowest_val_loss': 1.3687970244267156, 'metrics.test_MAPE_norm': inf, 'metrics.test_By_MAE': 0.6066578030586243, 'metrics.val_loss_RMSE': 1.3791576868204054, 'metrics.test_By_MAEP': 3.2837491035461426, 'metrics.train_loss_RMSE': 1.1990346668229, 'metrics.test_Bx_MAEP': 2.2002665996551514, 'metrics.test_RMSE': 1.3776743459216407, 'metrics.test_Bx_MAE': 0.5893931984901428, 'metrics.test_MAE_norm': 1.1395611027211094, 'metrics.test_Bz_MAE': 0.75759357213974, 'metrics.test_Bz_MAEP': 8.131625175476074, 'metrics.final_val_loss': nan}"
567725a2c5e44df999aefc39992998ba,nested,"{'params.activation': 'ReLU', 'params.n_layers': '6', 'params.hidden_units': '244', 'params.batch_size': '128', 'params.learning rate': '0.00043517440471553656'}","{'metrics.lowest_val_loss': 0.6266647338726863, 'metrics.test_MAPE_norm': inf, 'metrics.test_By_MAE': 0.26072555780410767, 'metrics.val_loss_RMSE': 0.9132737541120644, 'metrics.test_By_MAEP': 1.4788663387298584, 'metrics.train_loss_RMSE': 0.6685098509585327, 'metrics.test_Bx_MAEP': 0.9742274284362793, 'metrics.test_RMSE': 0.6158374846496161, 'metrics.test_Bx_MAE': 0.25679054856300354, 'metrics.test_MAE_norm': 0.5020303731900083, 'metrics.test_Bz_MAE': 0.34085652232170105, 'metrics.test_Bz_MAEP': 3.946571111679077, 'metrics.final_val_loss': nan}"
aa8a7d96cdb34700b761228e253f1530,nested,"{'params.activation': 'ReLU', 'params.n_layers': '6', 'params.hidden_units': '245', 'params.batch_size': '128', 'params.learning rate': '0.00044995207186547905'}","{'metrics.lowest_val_loss': 0.6151024117997674, 'metrics.test_MAPE_norm': inf, 'metrics.test_By_MAE': 0.26762187480926514, 'metrics.val_loss_RMSE': 0.645264822290468, 'metrics.test_By_MAEP': 1.491424560546875, 'metrics.train_loss_RMSE': 0.6165472363566096, 'metrics.test_Bx_MAEP': 0.9591029286384583, 'metrics.test_RMSE': 0.6217498739654339, 'metrics.test_Bx_MAE': 0.2552517056465149, 'metrics.test_MAE_norm': 0.5125128605434198, 'metrics.test_Bz_MAE': 0.35183921456336975, 'metrics.test_Bz_MAEP': 3.853012800216675, 'metrics.final_val_loss': nan}"
e014e4eb62fa48cf95be97b70243a25f,nested,"{'params.activation': 'ReLU', 'params.n_layers': '6', 'params.hidden_units': '246', 'params.batch_size': '128', 'params.learning rate': '0.0004541222666671797'}","{'metrics.lowest_val_loss': 0.6032795292125981, 'metrics.test_MAPE_norm': inf, 'metrics.test_By_MAE': 0.2609531879425049, 'metrics.val_loss_RMSE': 0.6510747269894809, 'metrics.test_By_MAEP': 1.4022185802459717, 'metrics.train_loss_RMSE': 0.6079365615306052, 'metrics.test_Bx_MAEP': 0.9470106363296509, 'metrics.test_RMSE': 0.5969636616996161, 'metrics.test_Bx_MAE': 0.24951019883155823, 'metrics.test_MAE_norm': 0.47797044584055265, 'metrics.test_Bz_MAE': 0.3101808428764343, 'metrics.test_Bz_MAEP': 3.449843645095825, 'metrics.final_val_loss': nan}"
ed93b1f3799c4d70b9e44f8bbcffc77c,nested,"{'params.activation': 'ReLU', 'params.n_layers': '7', 'params.hidden_units': '239', 'params.batch_size': '64', 'params.learning rate': '0.0005992309085226179'}","{'metrics.lowest_val_loss': 0.7024625202498864, 'metrics.test_MAPE_norm': inf, 'metrics.test_By_MAE': 0.330752968788147, 'metrics.val_loss_RMSE': 0.7481748415294956, 'metrics.test_By_MAEP': 2.2257015705108643, 'metrics.train_loss_RMSE': 0.6936248308810126, 'metrics.test_Bx_MAEP': 1.0752595663070679, 'metrics.test_RMSE': 0.688021310146377, 'metrics.test_Bx_MAE': 0.30440545082092285, 'metrics.test_MAE_norm': 0.5914063582722651, 'metrics.test_Bz_MAE': 0.3779943287372589, 'metrics.test_Bz_MAEP': 4.8437933921813965, 'metrics.final_val_loss': nan}"
c479e82ac8dc460eba98bc7a58e7b096,nested,"{'params.activation': 'wavelet', 'params.n_layers': '6', 'params.hidden_units': '192', 'params.batch_size': '96', 'params.learning rate': '0.000696773982617724'}","{'metrics.lowest_val_loss': 1.2479740333984268, 'metrics.test_MAPE_norm': inf, 'metrics.test_By_MAE': 0.5016831159591675, 'metrics.val_loss_RMSE': 1.3349002022485692, 'metrics.test_By_MAEP': 3.760817289352417, 'metrics.train_loss_RMSE': 0.9066024402271556, 'metrics.test_Bx_MAEP': 1.7065722942352295, 'metrics.test_RMSE': 1.2596206904823186, 'metrics.test_Bx_MAE': 0.4920364022254944, 'metrics.test_MAE_norm': 0.9538130035503305, 'metrics.test_Bz_MAE': 0.6362344622612, 'metrics.test_Bz_MAEP': 7.606442928314209, 'metrics.final_val_loss': nan}"
ba36f6d3f4ea4191b352b3b19f8186af,nested,"{'params.activation': 'ReLU', 'params.n_layers': '6', 'params.hidden_units': '217', 'params.batch_size': '128', 'params.learning rate': '0.0005281328426375488'}","{'metrics.lowest_val_loss': 0.6618063038063281, 'metrics.test_MAPE_norm': inf, 'metrics.test_By_MAE': 0.2793845534324646, 'metrics.val_loss_RMSE': 0.8941523603344159, 'metrics.test_By_MAEP': 1.5827138423919678, 'metrics.train_loss_RMSE': 0.6086717167159128, 'metrics.test_Bx_MAEP': 1.1252936124801636, 'metrics.test_RMSE': 0.6680779657198604, 'metrics.test_Bx_MAE': 0.3003615736961365, 'metrics.test_MAE_norm': 0.5359040156505895, 'metrics.test_Bz_MAE': 0.34120121598243713, 'metrics.test_Bz_MAEP': 3.809229612350464, 'metrics.final_val_loss': nan}"
d4579aa8552848a7b91251befd9fad9f,nested,"{'params.activation': 'ReLU', 'params.n_layers': '7', 'params.hidden_units': '232', 'params.batch_size': '128', 'params.learning rate': '0.0009035565587436228'}","{'metrics.lowest_val_loss': 0.6786894477760522, 'metrics.test_MAPE_norm': inf, 'metrics.test_By_MAE': 0.3135008215904236, 'metrics.val_loss_RMSE': 0.7333066474312091, 'metrics.test_By_MAEP': 1.7529423236846924, 'metrics.train_loss_RMSE': 0.6040558536773997, 'metrics.test_Bx_MAEP': 1.195207118988037, 'metrics.test_RMSE': 0.6807419779713073, 'metrics.test_Bx_MAE': 0.31153643131256104, 'metrics.test_MAE_norm': 0.5814421673140457, 'metrics.test_Bz_MAE': 0.37443432211875916, 'metrics.test_Bz_MAEP': 4.253745079040527, 'metrics.final_val_loss': nan}"
d3e3ba4efd064489a7df0bdcde60e8bd,nested,"{'params.activation': 'ReLU', 'params.n_layers': '5', 'params.hidden_units': '224', 'params.batch_size': '128', 'params.learning rate': '0.0003800753630786774'}","{'metrics.lowest_val_loss': 0.675451526697583, 'metrics.test_MAPE_norm': inf, 'metrics.test_By_MAE': 0.29006001353263855, 'metrics.val_loss_RMSE': 1.0285781273626207, 'metrics.test_By_MAEP': 1.657423734664917, 'metrics.train_loss_RMSE': 0.6039053673316058, 'metrics.test_Bx_MAEP': 1.0583689212799072, 'metrics.test_RMSE': 0.6782682226783312, 'metrics.test_Bx_MAE': 0.2839636504650116, 'metrics.test_MAE_norm': 0.5370744994382539, 'metrics.test_Bz_MAE': 0.3479327857494354, 'metrics.test_Bz_MAEP': 4.287135601043701, 'metrics.final_val_loss': nan}"
4309f63cc73a4f0a9d97645561354ee6,nested,"{'params.activation': 'ReLU', 'params.n_layers': '6', 'params.hidden_units': '246', 'params.batch_size': '128', 'params.learning rate': '0.0004934298800604007'}","{'metrics.lowest_val_loss': 0.6282002751844417, 'metrics.test_MAPE_norm': inf, 'metrics.test_By_MAE': 0.2738662660121918, 'metrics.val_loss_RMSE': 0.6682840579807303, 'metrics.test_By_MAEP': 1.5313260555267334, 'metrics.train_loss_RMSE': 0.5622599844460953, 'metrics.test_Bx_MAEP': 1.0311651229858398, 'metrics.test_RMSE': 0.6325761686785515, 'metrics.test_Bx_MAE': 0.27464354038238525, 'metrics.test_MAE_norm': 0.522891106930646, 'metrics.test_Bz_MAE': 0.34742310643196106, 'metrics.test_Bz_MAEP': 3.70524525642395, 'metrics.final_val_loss': nan}"
d5d6285b59da4c56a8f4ffc7409f0e12,nested,"{'params.activation': 'ReLU', 'params.n_layers': '6', 'params.hidden_units': '236', 'params.batch_size': '128', 'params.learning rate': '0.0002964996524243178'}","{'metrics.lowest_val_loss': 0.6478093781686445, 'metrics.test_MAPE_norm': inf, 'metrics.test_By_MAE': 0.2670365273952484, 'metrics.val_loss_RMSE': 0.6478093781686445, 'metrics.test_By_MAEP': 1.4574670791625977, 'metrics.train_loss_RMSE': 0.5397544465993878, 'metrics.test_Bx_MAEP': 0.9785816669464111, 'metrics.test_RMSE': 0.6384154620904353, 'metrics.test_Bx_MAE': 0.2582584619522095, 'metrics.test_MAE_norm': 0.502380755814639, 'metrics.test_Bz_MAE': 0.335053950548172, 'metrics.test_Bz_MAEP': 3.621227979660034, 'metrics.final_val_loss': nan}"
b39dd0153d0c418c93c6be8517530d89,nested,"{'params.activation': 'ReLU', 'params.n_layers': '6', 'params.hidden_units': '229', 'params.batch_size': '128', 'params.learning rate': '0.0007851406508104059'}","{'metrics.lowest_val_loss': 0.6914994151072555, 'metrics.test_MAPE_norm': inf, 'metrics.test_By_MAE': 0.31200966238975525, 'metrics.val_loss_RMSE': 0.7682643978555556, 'metrics.test_By_MAEP': 1.7147144079208374, 'metrics.train_loss_RMSE': 0.6023331613171188, 'metrics.test_Bx_MAEP': 1.1353507041931152, 'metrics.test_RMSE': 0.6993826897550955, 'metrics.test_Bx_MAE': 0.30043262243270874, 'metrics.test_MAE_norm': 0.5857682570316004, 'metrics.test_Bz_MAE': 0.39064282178878784, 'metrics.test_Bz_MAEP': 4.407204627990723, 'metrics.final_val_loss': nan}"
38185de6fe444b51b8d177deace63507,nested,"{'params.activation': 'ReLU', 'params.n_layers': '6', 'params.hidden_units': '207', 'params.batch_size': '128', 'params.learning rate': '0.0004460154911870833'}","{'metrics.lowest_val_loss': 0.6512765711911849, 'metrics.test_MAPE_norm': inf, 'metrics.test_By_MAE': 0.28086283802986145, 'metrics.val_loss_RMSE': 0.7134658517446719, 'metrics.test_By_MAEP': 1.5794005393981934, 'metrics.train_loss_RMSE': 0.713848246685539, 'metrics.test_Bx_MAEP': 1.0344343185424805, 'metrics.test_RMSE': 0.6473412147464407, 'metrics.test_Bx_MAE': 0.2738000750541687, 'metrics.test_MAE_norm': 0.5230272667544881, 'metrics.test_Bz_MAE': 0.34257972240448, 'metrics.test_Bz_MAEP': 3.7500131130218506, 'metrics.final_val_loss': nan}"
3dae64e25d6a4ddba87ba520b00761a2,nested,"{'params.activation': 'ReLU', 'params.n_layers': '6', 'params.hidden_units': '243', 'params.batch_size': '128', 'params.learning rate': '0.0005853093624190693'}","{'metrics.lowest_val_loss': 0.6700409579188576, 'metrics.test_MAPE_norm': inf, 'metrics.test_By_MAE': 0.28731393814086914, 'metrics.val_loss_RMSE': 0.7726327674665747, 'metrics.test_By_MAEP': 1.6014328002929688, 'metrics.train_loss_RMSE': 0.5585379570244292, 'metrics.test_Bx_MAEP': 1.030478596687317, 'metrics.test_RMSE': 0.6733042200834571, 'metrics.test_Bx_MAE': 0.2765161693096161, 'metrics.test_MAE_norm': 0.5513844863649761, 'metrics.test_Bz_MAE': 0.3776986598968506, 'metrics.test_Bz_MAEP': 4.1621575355529785, 'metrics.final_val_loss': nan}"
2f6013cacb83410c871c9eb4ed146a40,nested,"{'params.activation': 'tanh', 'params.n_layers': '7', 'params.hidden_units': '18', 'params.batch_size': '64', 'params.learning rate': '0.0006267926746825299'}","{'metrics.lowest_val_loss': 1.3794303414038602, 'metrics.test_MAPE_norm': inf, 'metrics.test_By_MAE': 0.7495919466018677, 'metrics.val_loss_RMSE': 1.4425857156344402, 'metrics.test_By_MAEP': 5.345579147338867, 'metrics.train_loss_RMSE': 1.438069991429904, 'metrics.test_Bx_MAEP': 2.6931889057159424, 'metrics.test_RMSE': 1.3512994770530253, 'metrics.test_Bx_MAE': 0.7315999269485474, 'metrics.test_MAE_norm': 1.3473907031796195, 'metrics.test_Bz_MAE': 0.8366227746009827, 'metrics.test_Bz_MAEP': 11.135794639587402, 'metrics.final_val_loss': nan}"
cfe73af148524835aebc688b4963bfa2,nested,"{'params.activation': 'ReLU', 'params.n_layers': '4', 'params.hidden_units': '219', 'params.batch_size': '128', 'params.learning rate': '0.0007056082735818454'}","{'metrics.lowest_val_loss': 0.7050828476697854, 'metrics.test_MAPE_norm': inf, 'metrics.test_By_MAE': 0.31626641750335693, 'metrics.val_loss_RMSE': 0.7050828476697854, 'metrics.test_By_MAEP': 1.7617655992507935, 'metrics.train_loss_RMSE': 0.6677222930824315, 'metrics.test_Bx_MAEP': 1.140460729598999, 'metrics.test_RMSE': 0.708981611379263, 'metrics.test_Bx_MAE': 0.30121126770973206, 'metrics.test_MAE_norm': 0.5891945955285616, 'metrics.test_Bz_MAE': 0.39218026399612427, 'metrics.test_Bz_MAEP': 4.312832832336426, 'metrics.final_val_loss': nan}"
1e5065d33b514e6688bfa8359885bc51,nested,"{'params.activation': 'ReLU', 'params.n_layers': '6', 'params.hidden_units': '237', 'params.batch_size': '96', 'params.learning rate': '7.331867656033008e-05'}","{'metrics.lowest_val_loss': 0.9299874887734264, 'metrics.test_MAPE_norm': inf, 'metrics.test_By_MAE': 0.36960235238075256, 'metrics.val_loss_RMSE': 1.0911120805213907, 'metrics.test_By_MAEP': 2.701805830001831, 'metrics.train_loss_RMSE': 0.887132872362728, 'metrics.test_Bx_MAEP': 1.2596298456192017, 'metrics.test_RMSE': 0.9329803434200581, 'metrics.test_Bx_MAE': 0.37587791681289673, 'metrics.test_MAE_norm': 0.7253019398064922, 'metrics.test_Bz_MAE': 0.492702454328537, 'metrics.test_Bz_MAEP': 6.317603588104248, 'metrics.final_val_loss': nan}"
3fc3662e78c0452fa64a0a18a56b2f79,nested,"{'params.activation': 'ReLU', 'params.n_layers': '5', 'params.hidden_units': '250', 'params.batch_size': '128', 'params.learning rate': '0.0004166769854075539'}","{'metrics.lowest_val_loss': 0.644638193130834, 'metrics.test_MAPE_norm': inf, 'metrics.test_By_MAE': 0.2549860179424286, 'metrics.val_loss_RMSE': 0.7151074948861811, 'metrics.test_By_MAEP': 1.4891433715820312, 'metrics.train_loss_RMSE': 0.5252065925643254, 'metrics.test_Bx_MAEP': 1.07313871383667, 'metrics.test_RMSE': 0.6362800408637839, 'metrics.test_Bx_MAE': 0.28150805830955505, 'metrics.test_MAE_norm': 0.5073301794996672, 'metrics.test_Bz_MAE': 0.33323773741722107, 'metrics.test_Bz_MAEP': 3.595858097076416, 'metrics.final_val_loss': nan}"
1eb0d09297974af4b3bdf5bd9358fc55,nested,"{'params.activation': 'wavelet', 'params.n_layers': '7', 'params.hidden_units': '246', 'params.batch_size': '128', 'params.learning rate': '0.000490363615424311'}","{'metrics.lowest_val_loss': 1.3060471815401904, 'metrics.test_MAPE_norm': inf, 'metrics.test_By_MAE': 0.4482666552066803, 'metrics.val_loss_RMSE': 1.3716146816924415, 'metrics.test_By_MAEP': 2.428403377532959, 'metrics.train_loss_RMSE': 0.8306873516665566, 'metrics.test_Bx_MAEP': 1.680830717086792, 'metrics.test_RMSE': 1.2609725793154796, 'metrics.test_Bx_MAE': 0.4462790787220001, 'metrics.test_MAE_norm': 0.8530979835245598, 'metrics.test_Bz_MAE': 0.5656208992004395, 'metrics.test_Bz_MAEP': 6.015617847442627, 'metrics.final_val_loss': nan}"
d5647c5af53541fba124bd9274c86431,nested,"{'params.activation': 'ReLU', 'params.n_layers': '6', 'params.hidden_units': '250', 'params.batch_size': '128', 'params.learning rate': '0.0004519486871318001'}","{'metrics.lowest_val_loss': 0.6106821329049748, 'metrics.test_MAPE_norm': inf, 'metrics.test_By_MAE': 0.26889926195144653, 'metrics.val_loss_RMSE': 0.959656358774939, 'metrics.test_By_MAEP': 1.5128459930419922, 'metrics.train_loss_RMSE': 0.5991899242068551, 'metrics.test_Bx_MAEP': 0.9659682512283325, 'metrics.test_RMSE': 0.6031201896872378, 'metrics.test_Bx_MAE': 0.2552892863750458, 'metrics.test_MAE_norm': 0.4932797361503948, 'metrics.test_Bz_MAE': 0.32237863540649414, 'metrics.test_Bz_MAEP': 3.5203442573547363, 'metrics.final_val_loss': nan}"
d8d5b31f0fa84db09a61f8e9eea15259,nested,"{'params.activation': 'ReLU', 'params.n_layers': '5', 'params.hidden_units': '227', 'params.batch_size': '128', 'params.learning rate': '0.0005322223346927083'}","{'metrics.lowest_val_loss': 0.631305452164184, 'metrics.test_MAPE_norm': inf, 'metrics.test_By_MAE': 0.2806772291660309, 'metrics.val_loss_RMSE': 0.6598419869351867, 'metrics.test_By_MAEP': 1.5377720594406128, 'metrics.train_loss_RMSE': 0.5838919241678991, 'metrics.test_Bx_MAEP': 1.054942011833191, 'metrics.test_RMSE': 0.6524773622286125, 'metrics.test_Bx_MAE': 0.27409878373146057, 'metrics.test_MAE_norm': 0.5261899913041785, 'metrics.test_Bz_MAE': 0.3476995825767517, 'metrics.test_Bz_MAEP': 4.014473915100098, 'metrics.final_val_loss': nan}"
ec948e08716c4a7c95e5e4efa65c1476,nested,"{'params.activation': 'ReLU', 'params.n_layers': '6', 'params.hidden_units': '242', 'params.batch_size': '128', 'params.learning rate': '0.0006640694712854161'}","{'metrics.lowest_val_loss': 0.6412149938460661, 'metrics.test_MAPE_norm': inf, 'metrics.test_By_MAE': 0.29321303963661194, 'metrics.val_loss_RMSE': 0.8614264034747805, 'metrics.test_By_MAEP': 1.6893612146377563, 'metrics.train_loss_RMSE': 0.6166318443608261, 'metrics.test_Bx_MAEP': 1.0709590911865234, 'metrics.test_RMSE': 0.6370594680317363, 'metrics.test_Bx_MAE': 0.28068071603775024, 'metrics.test_MAE_norm': 0.5399521331182507, 'metrics.test_Bz_MAE': 0.35277271270751953, 'metrics.test_Bz_MAEP': 3.8924567699432373, 'metrics.final_val_loss': nan}"
1aa4aab3a35247b5b5ddffad5a5e0932,nested,"{'params.activation': 'ReLU', 'params.n_layers': '6', 'params.hidden_units': '222', 'params.batch_size': '128', 'params.learning rate': '0.000556795072376465'}","{'metrics.lowest_val_loss': 0.6299189971713602, 'metrics.test_MAPE_norm': inf, 'metrics.test_By_MAE': 0.26707810163497925, 'metrics.val_loss_RMSE': 0.6742735355535283, 'metrics.test_By_MAEP': 1.5483237504959106, 'metrics.train_loss_RMSE': 0.5407185578626577, 'metrics.test_Bx_MAEP': 1.0303990840911865, 'metrics.test_RMSE': 0.6168591563551852, 'metrics.test_Bx_MAE': 0.2769463062286377, 'metrics.test_MAE_norm': 0.5132777583941318, 'metrics.test_Bz_MAE': 0.336655855178833, 'metrics.test_Bz_MAEP': 3.689826011657715, 'metrics.final_val_loss': nan}"
83890d3fdd0246c5bd85f5bd479b85a0,nested,"{'params.activation': 'ReLU', 'params.n_layers': '6', 'params.hidden_units': '225', 'params.batch_size': '128', 'params.learning rate': '0.000561067916761934'}","{'metrics.lowest_val_loss': 0.6277981496405274, 'metrics.test_MAPE_norm': inf, 'metrics.test_By_MAE': 0.2753150761127472, 'metrics.val_loss_RMSE': 0.927126310036834, 'metrics.test_By_MAEP': 1.5011579990386963, 'metrics.train_loss_RMSE': 0.6918890855901526, 'metrics.test_Bx_MAEP': 1.0387804508209229, 'metrics.test_RMSE': 0.6157909794106134, 'metrics.test_Bx_MAE': 0.2733435332775116, 'metrics.test_MAE_norm': 0.5168082086663497, 'metrics.test_Bz_MAE': 0.3381950557231903, 'metrics.test_Bz_MAEP': 3.6114068031311035, 'metrics.final_val_loss': nan}"
3621f7f734be4cd4af76ff5be1eb7998,nested,"{'params.activation': 'ReLU', 'params.n_layers': '6', 'params.hidden_units': '213', 'params.batch_size': '128', 'params.learning rate': '0.0009531083364495023'}","{'metrics.lowest_val_loss': 0.7195504170838661, 'metrics.test_MAPE_norm': inf, 'metrics.test_By_MAE': 0.32752302289009094, 'metrics.val_loss_RMSE': 0.7353212140209014, 'metrics.test_By_MAEP': 1.8937573432922363, 'metrics.train_loss_RMSE': 0.6676053473717868, 'metrics.test_Bx_MAEP': 1.2184104919433594, 'metrics.test_RMSE': 0.7185048038634482, 'metrics.test_Bx_MAE': 0.3177988827228546, 'metrics.test_MAE_norm': 0.6086577470793108, 'metrics.test_Bz_MAE': 0.3988105356693268, 'metrics.test_Bz_MAEP': 4.443626403808594, 'metrics.final_val_loss': nan}"
71b2cf1c7ba44f61bbb3059d93423197,nested,"{'params.activation': 'ReLU', 'params.n_layers': '6', 'params.hidden_units': '220', 'params.batch_size': '128', 'params.learning rate': '0.0005465785396621605'}","{'metrics.lowest_val_loss': 0.625549660985206, 'metrics.test_MAPE_norm': inf, 'metrics.test_By_MAE': 0.29242512583732605, 'metrics.val_loss_RMSE': 0.7904774801758924, 'metrics.test_By_MAEP': 1.5649021863937378, 'metrics.train_loss_RMSE': 0.6495025249357504, 'metrics.test_Bx_MAEP': 1.0366616249084473, 'metrics.test_RMSE': 0.6409886164936062, 'metrics.test_Bx_MAE': 0.2764648199081421, 'metrics.test_MAE_norm': 0.5283714032344271, 'metrics.test_Bz_MAE': 0.3391818702220917, 'metrics.test_Bz_MAEP': 3.846686601638794, 'metrics.final_val_loss': nan}"
98143d18ed16441f82e4faa7fd4d6c62,nested,"{'params.activation': 'ReLU', 'params.n_layers': '7', 'params.hidden_units': '187', 'params.batch_size': '128', 'params.learning rate': '0.0003643086663605918'}","{'metrics.lowest_val_loss': 0.6728233883972152, 'metrics.test_MAPE_norm': inf, 'metrics.test_By_MAE': 0.2953771650791168, 'metrics.val_loss_RMSE': 0.6950031738590978, 'metrics.test_By_MAEP': 1.645108699798584, 'metrics.train_loss_RMSE': 0.6247736434412597, 'metrics.test_Bx_MAEP': 1.1747738122940063, 'metrics.test_RMSE': 0.6850791201400038, 'metrics.test_Bx_MAE': 0.3123031556606293, 'metrics.test_MAE_norm': 0.5635939625461707, 'metrics.test_Bz_MAE': 0.36115095019340515, 'metrics.test_Bz_MAEP': 4.300098419189453, 'metrics.final_val_loss': nan}"
9e5485e9d29e408dbfe2eb753f0422d6,nested,"{'params.activation': 'tanh', 'params.n_layers': '3', 'params.hidden_units': '234', 'params.batch_size': '96', 'params.learning rate': '0.0008632859990086339'}","{'metrics.lowest_val_loss': 1.2014720714750693, 'metrics.test_MAPE_norm': inf, 'metrics.test_By_MAE': 0.5667424201965332, 'metrics.val_loss_RMSE': 1.2822591419821394, 'metrics.test_By_MAEP': 3.614581346511841, 'metrics.train_loss_RMSE': 0.8959240519002061, 'metrics.test_Bx_MAEP': 1.9005283117294312, 'metrics.test_RMSE': 1.2052323952394577, 'metrics.test_Bx_MAE': 0.5492018461227417, 'metrics.test_MAE_norm': 1.0813598051774416, 'metrics.test_Bz_MAE': 0.7317768931388855, 'metrics.test_Bz_MAEP': 9.145110130310059, 'metrics.final_val_loss': nan}"
b23ee195d76644689f525a7486758843,nested,"{'params.activation': 'ReLU', 'params.n_layers': '5', 'params.hidden_units': '242', 'params.batch_size': '128', 'params.learning rate': '0.0007455071396351295'}","{'metrics.lowest_val_loss': 0.6885193488155354, 'metrics.test_MAPE_norm': inf, 'metrics.test_By_MAE': 0.29405832290649414, 'metrics.val_loss_RMSE': 0.7054367034808994, 'metrics.test_By_MAEP': 1.6469476222991943, 'metrics.train_loss_RMSE': 0.6081677774272101, 'metrics.test_Bx_MAEP': 1.109706163406372, 'metrics.test_RMSE': 0.6812037307838547, 'metrics.test_Bx_MAE': 0.29594680666923523, 'metrics.test_MAE_norm': 0.5645648124115319, 'metrics.test_Bz_MAE': 0.37717506289482117, 'metrics.test_Bz_MAEP': 4.227684497833252, 'metrics.final_val_loss': nan}"
8ad4e372ee6a4a1593e366e1985156e8,nested,"{'params.activation': 'ReLU', 'params.n_layers': '6', 'params.hidden_units': '227', 'params.batch_size': '128', 'params.learning rate': '0.0004728381598226965'}","{'metrics.lowest_val_loss': 0.6688204358242961, 'metrics.test_MAPE_norm': inf, 'metrics.test_By_MAE': 0.2653009593486786, 'metrics.val_loss_RMSE': 0.8664822259574106, 'metrics.test_By_MAEP': 1.4791158437728882, 'metrics.train_loss_RMSE': 0.5794498828903158, 'metrics.test_Bx_MAEP': 1.0927683115005493, 'metrics.test_RMSE': 0.662330557869744, 'metrics.test_Bx_MAE': 0.28950345516204834, 'metrics.test_MAE_norm': 0.5350854087389257, 'metrics.test_Bz_MAE': 0.3602869510650635, 'metrics.test_Bz_MAEP': 3.9159748554229736, 'metrics.final_val_loss': nan}"
82bd81ef602549f683a348594e0abb0a,nested,"{'params.activation': 'ReLU', 'params.n_layers': '7', 'params.hidden_units': '203', 'params.batch_size': '128', 'params.learning rate': '0.0006331094862910394'}","{'metrics.lowest_val_loss': 0.65760930663704, 'metrics.test_MAPE_norm': inf, 'metrics.test_By_MAE': 0.2829861640930176, 'metrics.val_loss_RMSE': 0.7449061623283929, 'metrics.test_By_MAEP': 1.5520153045654297, 'metrics.train_loss_RMSE': 0.7230593465830145, 'metrics.test_Bx_MAEP': 1.078260064125061, 'metrics.test_RMSE': 0.6396353538420971, 'metrics.test_Bx_MAE': 0.2886485159397125, 'metrics.test_MAE_norm': 0.5442025741321619, 'metrics.test_Bz_MAE': 0.3613242506980896, 'metrics.test_Bz_MAEP': 4.0846452713012695, 'metrics.final_val_loss': nan}"
bcb1afd31be74470a49458d1044d777e,nested,"{'params.activation': 'ReLU', 'params.n_layers': '5', 'params.hidden_units': '243', 'params.batch_size': '128', 'params.learning rate': '0.0003973434687549581'}","{'metrics.lowest_val_loss': 0.6721424420175971, 'metrics.test_MAPE_norm': inf, 'metrics.test_By_MAE': 0.27926746010780334, 'metrics.val_loss_RMSE': 0.6980293733018496, 'metrics.test_By_MAEP': 1.6070188283920288, 'metrics.train_loss_RMSE': 0.5827931646889319, 'metrics.test_Bx_MAEP': 1.0704927444458008, 'metrics.test_RMSE': 0.6638851727809103, 'metrics.test_Bx_MAE': 0.2786259949207306, 'metrics.test_MAE_norm': 0.5311599844380429, 'metrics.test_Bz_MAE': 0.35205501317977905, 'metrics.test_Bz_MAEP': 4.003801345825195, 'metrics.final_val_loss': nan}"
18ba6c961b874dffa4f9d04c8a0657be,nested,"{'params.activation': 'ReLU', 'params.n_layers': '6', 'params.hidden_units': '215', 'params.batch_size': '128', 'params.learning rate': '0.00034143547453363847'}","{'metrics.lowest_val_loss': 0.7035318520592534, 'metrics.test_MAPE_norm': inf, 'metrics.test_By_MAE': 0.2948879897594452, 'metrics.val_loss_RMSE': 0.8798458043479147, 'metrics.test_By_MAEP': 1.6282527446746826, 'metrics.train_loss_RMSE': 0.5631200281252738, 'metrics.test_Bx_MAEP': 1.1200544834136963, 'metrics.test_RMSE': 0.7071390303524947, 'metrics.test_Bx_MAE': 0.29340672492980957, 'metrics.test_MAE_norm': 0.5664337635325473, 'metrics.test_Bz_MAE': 0.38082289695739746, 'metrics.test_Bz_MAEP': 4.068546772003174, 'metrics.final_val_loss': nan}"
44af4e0246004cfe89eb0fa8ef7b839f,nested,"{'params.activation': 'ReLU', 'params.n_layers': '6', 'params.hidden_units': '229', 'params.batch_size': '128', 'params.learning rate': '0.0005707181621535519'}","{'metrics.lowest_val_loss': 0.6122118003323491, 'metrics.test_MAPE_norm': inf, 'metrics.test_By_MAE': 0.2670855224132538, 'metrics.val_loss_RMSE': 0.6122118003323491, 'metrics.test_By_MAEP': 1.4342221021652222, 'metrics.train_loss_RMSE': 0.6096076871910683, 'metrics.test_Bx_MAEP': 0.9867119193077087, 'metrics.test_RMSE': 0.6094326549638762, 'metrics.test_Bx_MAE': 0.25608739256858826, 'metrics.test_MAE_norm': 0.4964068664603256, 'metrics.test_Bz_MAE': 0.3277968168258667, 'metrics.test_Bz_MAEP': 3.4731216430664062, 'metrics.final_val_loss': nan}"
f8900ef2a27e4c118a52e7a21fefc0b8,nested,"{'params.activation': 'ReLU', 'params.n_layers': '6', 'params.hidden_units': '153', 'params.batch_size': '96', 'params.learning rate': '0.00020193752211851023'}","{'metrics.lowest_val_loss': 0.9312730526746492, 'metrics.test_MAPE_norm': inf, 'metrics.test_By_MAE': 0.3848651051521301, 'metrics.val_loss_RMSE': 1.096458205985699, 'metrics.test_By_MAEP': 2.421879768371582, 'metrics.train_loss_RMSE': 0.7732010187359323, 'metrics.test_Bx_MAEP': 1.3565890789031982, 'metrics.test_RMSE': 0.9258859384027311, 'metrics.test_Bx_MAE': 0.38980987668037415, 'metrics.test_MAE_norm': 0.7377481542045264, 'metrics.test_Bz_MAE': 0.48858851194381714, 'metrics.test_Bz_MAEP': 6.14378547668457, 'metrics.final_val_loss': nan}"
d342ce67a98c418b8e9ae9a6127a2ba7,nested,"{'params.activation': 'ReLU', 'params.n_layers': '8', 'params.hidden_units': '110', 'params.batch_size': '128', 'params.learning rate': '2.7561961545210925e-05'}","{'metrics.lowest_val_loss': 4.175074593590559, 'metrics.test_MAPE_norm': inf, 'metrics.test_By_MAE': 1.7553672790527344, 'metrics.val_loss_RMSE': 4.191279057991644, 'metrics.test_By_MAEP': 9.44012451171875, 'metrics.train_loss_RMSE': 4.063010474896378, 'metrics.test_Bx_MAEP': 6.412313938140869, 'metrics.test_RMSE': 4.1137899541156315, 'metrics.test_Bx_MAE': 1.759351134300232, 'metrics.test_MAE_norm': 3.320427422318162, 'metrics.test_Bz_MAE': 2.181518316268921, 'metrics.test_Bz_MAEP': 23.991979598999023, 'metrics.final_val_loss': nan}"
205bd921807a4260baf9d834a0c48d5d,nested,"{'params.activation': 'ReLU', 'params.n_layers': '5', 'params.hidden_units': '3', 'params.batch_size': '32', 'params.learning rate': '0.000333803179403578'}","{'metrics.lowest_val_loss': 5.9391972831776, 'metrics.test_MAPE_norm': inf, 'metrics.test_By_MAE': 2.674781560897827, 'metrics.val_loss_RMSE': 5.941136093598974, 'metrics.test_By_MAEP': 14.67892074584961, 'metrics.train_loss_RMSE': 5.909323891583833, 'metrics.test_Bx_MAEP': 10.021713256835938, 'metrics.test_RMSE': 5.9159673392696615, 'metrics.test_Bx_MAE': 2.5320987701416016, 'metrics.test_MAE_norm': 5.2130142681336284, 'metrics.test_Bz_MAE': 3.592541217803955, 'metrics.test_Bz_MAEP': 37.75118637084961, 'metrics.final_val_loss': nan}"
51b19790f18b4716a7e17c593cc6e762,nested,"{'params.activation': 'wavelet', 'params.n_layers': '5', 'params.hidden_units': '250', 'params.batch_size': '96', 'params.learning rate': '0.0002711527470832957'}","{'metrics.lowest_val_loss': 1.1901327332497045, 'metrics.test_MAPE_norm': inf, 'metrics.test_By_MAE': 0.48413631319999695, 'metrics.val_loss_RMSE': 1.3223279094518245, 'metrics.test_By_MAEP': 3.7013638019561768, 'metrics.train_loss_RMSE': 0.8883262109407949, 'metrics.test_Bx_MAEP': 1.5850169658660889, 'metrics.test_RMSE': 1.2211867183328358, 'metrics.test_Bx_MAE': 0.4724969267845154, 'metrics.test_MAE_norm': 0.9433760400727499, 'metrics.test_Bz_MAE': 0.6488569974899292, 'metrics.test_Bz_MAEP': 7.798463821411133, 'metrics.final_val_loss': nan}"
b33ca90d53414ad4b06042ef469f4213,nested,"{'params.activation': 'ReLU', 'params.n_layers': '6', 'params.hidden_units': '233', 'params.batch_size': '128', 'params.learning rate': '0.00034675441576848367'}","{'metrics.lowest_val_loss': 0.6307354375765823, 'metrics.test_MAPE_norm': inf, 'metrics.test_By_MAE': 0.2706489562988281, 'metrics.val_loss_RMSE': 0.8017659308020818, 'metrics.test_By_MAEP': 1.5594288110733032, 'metrics.train_loss_RMSE': 0.5214015692530997, 'metrics.test_Bx_MAEP': 0.9417634010314941, 'metrics.test_RMSE': 0.6331883242916575, 'metrics.test_Bx_MAE': 0.25630003213882446, 'metrics.test_MAE_norm': 0.5046465697756224, 'metrics.test_Bz_MAE': 0.3371386229991913, 'metrics.test_Bz_MAEP': 3.7265968322753906, 'metrics.final_val_loss': nan}"
aaec6aec7663415f96665a8bb83c07f8,nested,"{'params.activation': 'ReLU', 'params.n_layers': '7', 'params.hidden_units': '241', 'params.batch_size': '64', 'params.learning rate': '0.000479633221814307'}","{'metrics.lowest_val_loss': 0.6571780365027512, 'metrics.test_MAPE_norm': inf, 'metrics.test_By_MAE': 0.28469792008399963, 'metrics.val_loss_RMSE': 0.7627187824437288, 'metrics.test_By_MAEP': 2.1303932666778564, 'metrics.train_loss_RMSE': 0.6139212188867166, 'metrics.test_Bx_MAEP': 1.0150179862976074, 'metrics.test_RMSE': 0.657095725622437, 'metrics.test_Bx_MAE': 0.27959316968917847, 'metrics.test_MAE_norm': 0.5431006155088187, 'metrics.test_Bz_MAE': 0.36215507984161377, 'metrics.test_Bz_MAEP': 4.409727573394775, 'metrics.final_val_loss': nan}"
6feed52acebf4fb88d108cbf707effc9,nested,"{'params.activation': 'ReLU', 'params.n_layers': '6', 'params.hidden_units': '223', 'params.batch_size': '128', 'params.learning rate': '0.0004315789813320602'}","{'metrics.lowest_val_loss': 0.6420262015366014, 'metrics.test_MAPE_norm': inf, 'metrics.test_By_MAE': 0.2747901678085327, 'metrics.val_loss_RMSE': 0.6420262015366014, 'metrics.test_By_MAEP': 1.498356580734253, 'metrics.train_loss_RMSE': 0.5093476719220184, 'metrics.test_Bx_MAEP': 0.9648287296295166, 'metrics.test_RMSE': 0.6304552846983856, 'metrics.test_Bx_MAE': 0.25843939185142517, 'metrics.test_MAE_norm': 0.5065719908789584, 'metrics.test_Bz_MAE': 0.3351784646511078, 'metrics.test_Bz_MAEP': 3.7289834022521973, 'metrics.final_val_loss': nan}"
134cafd3cf3241669265593e9c7771e6,nested,"{'params.activation': 'ReLU', 'params.n_layers': '7', 'params.hidden_units': '234', 'params.batch_size': '128', 'params.learning rate': '0.0008053078956202625'}","{'metrics.lowest_val_loss': 0.6654157384280787, 'metrics.test_MAPE_norm': inf, 'metrics.test_By_MAE': 0.28933897614479065, 'metrics.val_loss_RMSE': 0.7804841686196277, 'metrics.test_By_MAEP': 1.6146483421325684, 'metrics.train_loss_RMSE': 0.6168617462538567, 'metrics.test_Bx_MAEP': 1.0905187129974365, 'metrics.test_RMSE': 0.6731542401512727, 'metrics.test_Bx_MAE': 0.2888607978820801, 'metrics.test_MAE_norm': 0.5474896372505352, 'metrics.test_Bz_MAE': 0.36120155453681946, 'metrics.test_Bz_MAEP': 3.9631123542785645, 'metrics.final_val_loss': nan}"
185e8cdf984b40ba9410d9dd2ef91efa,nested,"{'params.activation': 'ReLU', 'params.n_layers': '8', 'params.hidden_units': '250', 'params.batch_size': '128', 'params.learning rate': '0.0005686824114986948'}","{'metrics.lowest_val_loss': 0.637345838313216, 'metrics.test_MAPE_norm': inf, 'metrics.test_By_MAE': 0.27088120579719543, 'metrics.val_loss_RMSE': 0.8877258896788665, 'metrics.test_By_MAEP': 1.5357167720794678, 'metrics.train_loss_RMSE': 0.5752305285171535, 'metrics.test_Bx_MAEP': 1.0958448648452759, 'metrics.test_RMSE': 0.6224340112163246, 'metrics.test_Bx_MAE': 0.28957033157348633, 'metrics.test_MAE_norm': 0.514858950695923, 'metrics.test_Bz_MAE': 0.324992299079895, 'metrics.test_Bz_MAEP': 3.9490432739257812, 'metrics.final_val_loss': nan}"
1e3d7933a38a4f448d97aae4a61d4334,nested,"{'params.activation': 'ReLU', 'params.n_layers': '7', 'params.hidden_units': '249', 'params.batch_size': '128', 'params.learning rate': '0.0006386453819501964'}","{'metrics.lowest_val_loss': 0.6261812653385618, 'metrics.test_MAPE_norm': inf, 'metrics.test_By_MAE': 0.26940006017684937, 'metrics.val_loss_RMSE': 0.74574350285214, 'metrics.test_By_MAEP': 1.498034954071045, 'metrics.train_loss_RMSE': 0.5978507364469915, 'metrics.test_Bx_MAEP': 1.0554381608963013, 'metrics.test_RMSE': 0.6210015767983948, 'metrics.test_Bx_MAE': 0.27944424748420715, 'metrics.test_MAE_norm': 0.5178519657068845, 'metrics.test_Bz_MAE': 0.3400973975658417, 'metrics.test_Bz_MAEP': 3.6104161739349365, 'metrics.final_val_loss': nan}"
9386c145cefd47998506e0040df06178,nested,"{'params.activation': 'tanh', 'params.n_layers': '2', 'params.hidden_units': '61', 'params.batch_size': '128', 'params.learning rate': '0.00013791556383451134'}","{'metrics.lowest_val_loss': 3.241721640867507, 'metrics.test_MAPE_norm': inf, 'metrics.test_By_MAE': 1.4735575914382935, 'metrics.val_loss_RMSE': 3.241721640867507, 'metrics.test_By_MAEP': 8.478901863098145, 'metrics.train_loss_RMSE': 3.164238798445023, 'metrics.test_Bx_MAEP': 5.504363536834717, 'metrics.test_RMSE': 3.199055024783083, 'metrics.test_Bx_MAE': 1.4695897102355957, 'metrics.test_MAE_norm': 2.8116450104416844, 'metrics.test_Bz_MAE': 1.876389980316162, 'metrics.test_Bz_MAEP': 20.60796356201172, 'metrics.final_val_loss': nan}"
5ebac1090c9546c38b698065eddae64e,nested,"{'params.activation': 'ReLU', 'params.n_layers': '7', 'params.hidden_units': '241', 'params.batch_size': '96', 'params.learning rate': '0.0002468038982083987'}","{'metrics.lowest_val_loss': 0.6333771938415429, 'metrics.test_MAPE_norm': inf, 'metrics.test_By_MAE': 0.2652350962162018, 'metrics.val_loss_RMSE': 0.8357960996465895, 'metrics.test_By_MAEP': 1.8154449462890625, 'metrics.train_loss_RMSE': 0.5618183756604737, 'metrics.test_Bx_MAEP': 0.835458517074585, 'metrics.test_RMSE': 0.6350534013697302, 'metrics.test_Bx_MAE': 0.24586114287376404, 'metrics.test_MAE_norm': 0.5065010797848805, 'metrics.test_Bz_MAE': 0.3508489429950714, 'metrics.test_Bz_MAEP': 4.462024211883545, 'metrics.final_val_loss': nan}"
5c26d0cf28b449edb583be5edac1b9af,nested,"{'params.activation': 'ReLU', 'params.n_layers': '5', 'params.hidden_units': '197', 'params.batch_size': '128', 'params.learning rate': '5.2516590167733114e-05'}","{'metrics.lowest_val_loss': 1.604785653312423, 'metrics.test_MAPE_norm': inf, 'metrics.test_By_MAE': 0.6708837151527405, 'metrics.val_loss_RMSE': 1.7241525584728299, 'metrics.test_By_MAEP': 3.7682487964630127, 'metrics.train_loss_RMSE': 1.4672920960684237, 'metrics.test_Bx_MAEP': 2.438328981399536, 'metrics.test_RMSE': 1.628701491539477, 'metrics.test_Bx_MAE': 0.6491386294364929, 'metrics.test_MAE_norm': 1.308701801243011, 'metrics.test_Bz_MAE': 0.9104592800140381, 'metrics.test_Bz_MAEP': 10.131499290466309, 'metrics.final_val_loss': nan}"
5e5a8e5734264f94bdda58dca52f262b,nested,"{'params.activation': 'ReLU', 'params.n_layers': '6', 'params.hidden_units': '229', 'params.batch_size': '128', 'params.learning rate': '0.0008046714961769567'}","{'metrics.lowest_val_loss': 0.6813853185293988, 'metrics.test_MAPE_norm': inf, 'metrics.test_By_MAE': 0.3004148602485657, 'metrics.val_loss_RMSE': 0.7572820287547154, 'metrics.test_By_MAEP': 1.6494674682617188, 'metrics.train_loss_RMSE': 0.6928714133719414, 'metrics.test_Bx_MAEP': 1.1510876417160034, 'metrics.test_RMSE': 0.676509993245308, 'metrics.test_Bx_MAE': 0.29954931139945984, 'metrics.test_MAE_norm': 0.5645064029967386, 'metrics.test_Bz_MAE': 0.3689976930618286, 'metrics.test_Bz_MAEP': 4.235206127166748, 'metrics.final_val_loss': nan}"
7e7e9ec536c942c38c87cbdd2d60afba,nested,"{'params.activation': 'wavelet', 'params.n_layers': '6', 'params.hidden_units': '207', 'params.batch_size': '128', 'params.learning rate': '0.0003944234539538611'}","{'metrics.lowest_val_loss': 1.1619894962249517, 'metrics.test_MAPE_norm': inf, 'metrics.test_By_MAE': 0.45746713876724243, 'metrics.val_loss_RMSE': 1.3023696576414936, 'metrics.test_By_MAEP': 2.480570077896118, 'metrics.train_loss_RMSE': 0.91155197278849, 'metrics.test_Bx_MAEP': 1.6986918449401855, 'metrics.test_RMSE': 1.1908835609559485, 'metrics.test_Bx_MAE': 0.4433561861515045, 'metrics.test_MAE_norm': 0.857589415100773, 'metrics.test_Bz_MAE': 0.5675975680351257, 'metrics.test_Bz_MAEP': 5.993962287902832, 'metrics.final_val_loss': nan}"
7b373ac99169441a80ddc777a9e91777,nested,"{'params.activation': 'ReLU', 'params.n_layers': '7', 'params.hidden_units': '219', 'params.batch_size': '128', 'params.learning rate': '0.00019394612479924523'}","{'metrics.lowest_val_loss': 0.6937075397895743, 'metrics.test_MAPE_norm': inf, 'metrics.test_By_MAE': 0.29180943965911865, 'metrics.val_loss_RMSE': 0.7412357682380958, 'metrics.test_By_MAEP': 1.5832579135894775, 'metrics.train_loss_RMSE': 0.6926025441091692, 'metrics.test_Bx_MAEP': 1.1123639345169067, 'metrics.test_RMSE': 0.7155972589074386, 'metrics.test_Bx_MAE': 0.2994381785392761, 'metrics.test_MAE_norm': 0.5602241027298156, 'metrics.test_Bz_MAE': 0.36961057782173157, 'metrics.test_Bz_MAEP': 4.2115888595581055, 'metrics.final_val_loss': nan}"
3c8013aa3a3c4b1a83c1e210abec4fd5,nested,"{'params.activation': 'ReLU', 'params.n_layers': '6', 'params.hidden_units': '240', 'params.batch_size': '32', 'params.learning rate': '0.0007147140929780342'}","{'metrics.lowest_val_loss': 0.7371327128110149, 'metrics.test_MAPE_norm': inf, 'metrics.test_By_MAE': 0.32600775361061096, 'metrics.val_loss_RMSE': 0.7903251271769455, 'metrics.test_By_MAEP': 1.9097886085510254, 'metrics.train_loss_RMSE': 0.7342946060798697, 'metrics.test_Bx_MAEP': 1.395508050918579, 'metrics.test_RMSE': 0.7331182265376741, 'metrics.test_Bx_MAE': 0.3529612720012665, 'metrics.test_MAE_norm': 0.641956439749761, 'metrics.test_Bz_MAE': 0.41233667731285095, 'metrics.test_Bz_MAEP': 3.7917370796203613, 'metrics.final_val_loss': nan}"
af6093f44365438683351c3bb5d08f3e,nested,"{'params.activation': 'ReLU', 'params.n_layers': '7', 'params.hidden_units': '228', 'params.batch_size': '128', 'params.learning rate': '0.0005082527925048058'}","{'metrics.lowest_val_loss': 0.6582226868559979, 'metrics.test_MAPE_norm': inf, 'metrics.test_By_MAE': 0.2740784287452698, 'metrics.val_loss_RMSE': 0.6835249361096535, 'metrics.test_By_MAEP': 1.5468838214874268, 'metrics.train_loss_RMSE': 0.6399588611243089, 'metrics.test_Bx_MAEP': 1.1210813522338867, 'metrics.test_RMSE': 0.6409933587842853, 'metrics.test_Bx_MAE': 0.30094966292381287, 'metrics.test_MAE_norm': 0.5392319890871002, 'metrics.test_Bz_MAE': 0.35055074095726013, 'metrics.test_Bz_MAEP': 3.9661757946014404, 'metrics.final_val_loss': nan}"
9755069e8d0b45cdb2424aec3bc54e99,nested,"{'params.activation': 'ReLU', 'params.n_layers': '6', 'params.hidden_units': '237', 'params.batch_size': '128', 'params.learning rate': '0.0006211538083808715'}","{'metrics.lowest_val_loss': 0.6478958759843881, 'metrics.test_MAPE_norm': inf, 'metrics.test_By_MAE': 0.28454169631004333, 'metrics.val_loss_RMSE': 0.8935330608455135, 'metrics.test_By_MAEP': 1.5974525213241577, 'metrics.train_loss_RMSE': 0.6380396917891591, 'metrics.test_Bx_MAEP': 1.099937915802002, 'metrics.test_RMSE': 0.6507980902319523, 'metrics.test_Bx_MAE': 0.2866780161857605, 'metrics.test_MAE_norm': 0.5486613192626734, 'metrics.test_Bz_MAE': 0.3684932589530945, 'metrics.test_Bz_MAEP': 4.18525505065918, 'metrics.final_val_loss': nan}"
2d03dea2b080452ab2fa543c864a2331,nested,"{'params.activation': 'ReLU', 'params.n_layers': '6', 'params.hidden_units': '234', 'params.batch_size': '128', 'params.learning rate': '0.0006197461678724513'}","{'metrics.lowest_val_loss': 0.6410914091645985, 'metrics.test_MAPE_norm': inf, 'metrics.test_By_MAE': 0.2795421779155731, 'metrics.val_loss_RMSE': 0.6410914091645985, 'metrics.test_By_MAEP': 1.5724271535873413, 'metrics.train_loss_RMSE': 0.6504110471616289, 'metrics.test_Bx_MAEP': 1.0292659997940063, 'metrics.test_RMSE': 0.6506866315783625, 'metrics.test_Bx_MAE': 0.2750311493873596, 'metrics.test_MAE_norm': 0.5341571031860187, 'metrics.test_Bz_MAE': 0.3597264587879181, 'metrics.test_Bz_MAEP': 4.024223327636719, 'metrics.final_val_loss': nan}"
59187d8bd7424509afbab41e1aca812c,nested,"{'params.activation': 'wavelet', 'params.n_layers': '6', 'params.hidden_units': '221', 'params.batch_size': '128', 'params.learning rate': '0.0004284389383045282'}","{'metrics.lowest_val_loss': 1.262147753408592, 'metrics.test_MAPE_norm': inf, 'metrics.test_By_MAE': 0.47496384382247925, 'metrics.val_loss_RMSE': 1.3022803137108352, 'metrics.test_By_MAEP': 2.510965585708618, 'metrics.train_loss_RMSE': 0.9261036351026614, 'metrics.test_Bx_MAEP': 1.856661081314087, 'metrics.test_RMSE': 1.2637013266710342, 'metrics.test_Bx_MAE': 0.5014230608940125, 'metrics.test_MAE_norm': 0.9335488734062779, 'metrics.test_Bz_MAE': 0.6206650733947754, 'metrics.test_Bz_MAEP': 7.420354843139648, 'metrics.final_val_loss': nan}"
654b4be8ad394e4581e5d45fdf19104c,nested,"{'params.activation': 'tanh', 'params.n_layers': '7', 'params.hidden_units': '238', 'params.batch_size': '128', 'params.learning rate': '0.00011030928133225182'}","{'metrics.lowest_val_loss': 0.8623303171125551, 'metrics.test_MAPE_norm': inf, 'metrics.test_By_MAE': 0.353544145822525, 'metrics.val_loss_RMSE': 0.9648489417402348, 'metrics.test_By_MAEP': 1.7573317289352417, 'metrics.train_loss_RMSE': 0.7862591094054908, 'metrics.test_Bx_MAEP': 1.3168102502822876, 'metrics.test_RMSE': 0.8655316241498264, 'metrics.test_Bx_MAE': 0.34488892555236816, 'metrics.test_MAE_norm': 0.6831907505909222, 'metrics.test_Bz_MAE': 0.468277245759964, 'metrics.test_Bz_MAEP': 5.400964736938477, 'metrics.final_val_loss': nan}"
f50b8886f1f74f84acb52655ef6c6cef,nested,"{'params.activation': 'ReLU', 'params.n_layers': '6', 'params.hidden_units': '204', 'params.batch_size': '128', 'params.learning rate': '0.00028362528678678987'}","{'metrics.lowest_val_loss': 0.7313939791622495, 'metrics.test_MAPE_norm': inf, 'metrics.test_By_MAE': 0.30596670508384705, 'metrics.val_loss_RMSE': 0.9779542420569413, 'metrics.test_By_MAEP': 1.7485758066177368, 'metrics.train_loss_RMSE': 0.6423956073586191, 'metrics.test_Bx_MAEP': 1.1041886806488037, 'metrics.test_RMSE': 0.7415476101361048, 'metrics.test_Bx_MAE': 0.293801486492157, 'metrics.test_MAE_norm': 0.5803743493899204, 'metrics.test_Bz_MAE': 0.39224353432655334, 'metrics.test_Bz_MAEP': 4.208820819854736, 'metrics.final_val_loss': nan}"
33883866e6874c83830f7a0527fea74a,nested,"{'params.activation': 'wavelet', 'params.n_layers': '6', 'params.hidden_units': '228', 'params.batch_size': '128', 'params.learning rate': '0.0009570076016044814'}","{'metrics.lowest_val_loss': 1.2022345009450666, 'metrics.test_MAPE_norm': inf, 'metrics.test_By_MAE': 0.44089189171791077, 'metrics.val_loss_RMSE': 1.292409873309593, 'metrics.test_By_MAEP': 2.4596080780029297, 'metrics.train_loss_RMSE': 0.8989826544323702, 'metrics.test_Bx_MAEP': 1.6281687021255493, 'metrics.test_RMSE': 1.191538247670129, 'metrics.test_Bx_MAE': 0.42926692962646484, 'metrics.test_MAE_norm': 0.8318868022786373, 'metrics.test_Bz_MAE': 0.553816020488739, 'metrics.test_Bz_MAEP': 6.129663467407227, 'metrics.final_val_loss': nan}"
cecfe9c264fa431793146bde5141a11f,nested,"{'params.activation': 'ReLU', 'params.n_layers': '7', 'params.hidden_units': '250', 'params.batch_size': '128', 'params.learning rate': '0.00017579866488093445'}","{'metrics.lowest_val_loss': 0.6950340255173294, 'metrics.test_MAPE_norm': inf, 'metrics.test_By_MAE': 0.27628326416015625, 'metrics.val_loss_RMSE': 0.8908437823520535, 'metrics.test_By_MAEP': 1.459180474281311, 'metrics.train_loss_RMSE': 0.6792285860146432, 'metrics.test_Bx_MAEP': 1.0200423002243042, 'metrics.test_RMSE': 0.7084406219789204, 'metrics.test_Bx_MAE': 0.27714207768440247, 'metrics.test_MAE_norm': 0.5441620098917108, 'metrics.test_Bz_MAE': 0.37486863136291504, 'metrics.test_Bz_MAEP': 4.206652641296387, 'metrics.final_val_loss': nan}"
bddec247bf0944a183677e97c2921d54,nested,"{'params.activation': 'ReLU', 'params.n_layers': '6', 'params.hidden_units': '233', 'params.batch_size': '128', 'params.learning rate': '0.0005682928607225548'}","{'metrics.lowest_val_loss': 0.630915797581695, 'metrics.test_MAPE_norm': inf, 'metrics.test_By_MAE': 0.2752496600151062, 'metrics.val_loss_RMSE': 0.7519944484920503, 'metrics.test_By_MAEP': 1.5676780939102173, 'metrics.train_loss_RMSE': 0.6105986948256357, 'metrics.test_Bx_MAEP': 1.049531102180481, 'metrics.test_RMSE': 0.646911904710487, 'metrics.test_Bx_MAE': 0.27928626537323, 'metrics.test_MAE_norm': 0.534296399098264, 'metrics.test_Bz_MAE': 0.3597744107246399, 'metrics.test_Bz_MAEP': 4.079691410064697, 'metrics.final_val_loss': nan}"
74b39bcab1704ceeb72d03c06300daa4,nested,"{'params.activation': 'ReLU', 'params.n_layers': '6', 'params.hidden_units': '222', 'params.batch_size': '128', 'params.learning rate': '0.0002998231983113501'}","{'metrics.lowest_val_loss': 0.6348291370460266, 'metrics.test_MAPE_norm': inf, 'metrics.test_By_MAE': 0.262277752161026, 'metrics.val_loss_RMSE': 0.8209983746750246, 'metrics.test_By_MAEP': 1.4273664951324463, 'metrics.train_loss_RMSE': 0.5740744548340554, 'metrics.test_Bx_MAEP': 0.9709027409553528, 'metrics.test_RMSE': 0.6457842180725477, 'metrics.test_Bx_MAE': 0.26320284605026245, 'metrics.test_MAE_norm': 0.5010415635040503, 'metrics.test_Bz_MAE': 0.3326640725135803, 'metrics.test_Bz_MAEP': 3.752671718597412, 'metrics.final_val_loss': nan}"
7e8defe1d7f548beaa7447a5ceb3d19e,nested,"{'params.activation': 'ReLU', 'params.n_layers': '6', 'params.hidden_units': '248', 'params.batch_size': '128', 'params.learning rate': '0.0003196468228557703'}","{'metrics.lowest_val_loss': 0.6399140812111285, 'metrics.test_MAPE_norm': inf, 'metrics.test_By_MAE': 0.26278766989707947, 'metrics.val_loss_RMSE': 0.8602790976913002, 'metrics.test_By_MAEP': 1.451841950416565, 'metrics.train_loss_RMSE': 0.6010984399034065, 'metrics.test_Bx_MAEP': 1.0696314573287964, 'metrics.test_RMSE': 0.6527399544095956, 'metrics.test_Bx_MAE': 0.2756657600402832, 'metrics.test_MAE_norm': 0.5162777933492615, 'metrics.test_Bz_MAE': 0.34518441557884216, 'metrics.test_Bz_MAEP': 3.9973912239074707, 'metrics.final_val_loss': nan}"
30387d1832834b1da623baca2f471c9f,nested,"{'params.activation': 'ReLU', 'params.n_layers': '6', 'params.hidden_units': '250', 'params.batch_size': '128', 'params.learning rate': '0.00028965664431620787'}","{'metrics.lowest_val_loss': 0.6234539725383643, 'metrics.test_MAPE_norm': inf, 'metrics.test_By_MAE': 0.26012852787971497, 'metrics.val_loss_RMSE': 0.6304644018646643, 'metrics.test_By_MAEP': 1.3468915224075317, 'metrics.train_loss_RMSE': 0.5877412277030448, 'metrics.test_Bx_MAEP': 0.9367643594741821, 'metrics.test_RMSE': 0.6260024616939718, 'metrics.test_Bx_MAE': 0.24609556794166565, 'metrics.test_MAE_norm': 0.48166554681422036, 'metrics.test_Bz_MAE': 0.31885063648223877, 'metrics.test_Bz_MAEP': 3.75288987159729, 'metrics.final_val_loss': nan}"
f2ffc4e59f974c6d920a0d82a73dba1e,nested,"{'params.activation': 'ReLU', 'params.n_layers': '6', 'params.hidden_units': '249', 'params.batch_size': '128', 'params.learning rate': '0.000576697093323757'}","{'metrics.lowest_val_loss': 0.6245631916110567, 'metrics.test_MAPE_norm': inf, 'metrics.test_By_MAE': 0.2619316875934601, 'metrics.val_loss_RMSE': 0.7892346986172856, 'metrics.test_By_MAEP': 1.4514727592468262, 'metrics.train_loss_RMSE': 0.5373571399010737, 'metrics.test_Bx_MAEP': 0.9844043850898743, 'metrics.test_RMSE': 0.6129545483176596, 'metrics.test_Bx_MAE': 0.26017796993255615, 'metrics.test_MAE_norm': 0.4948990591690301, 'metrics.test_Bz_MAE': 0.32635557651519775, 'metrics.test_Bz_MAEP': 3.724550724029541, 'metrics.final_val_loss': nan}"
8fe7aee1306b4f709177eefb0e31b2bf,nested,"{'params.activation': 'tanh', 'params.n_layers': '7', 'params.hidden_units': '245', 'params.batch_size': '128', 'params.learning rate': '0.0007072159705185615'}","{'metrics.lowest_val_loss': 1.3096967049771142, 'metrics.test_MAPE_norm': inf, 'metrics.test_By_MAE': 0.5939995646476746, 'metrics.val_loss_RMSE': 1.5498666144606132, 'metrics.test_By_MAEP': 3.2425413131713867, 'metrics.train_loss_RMSE': 1.1968146930703043, 'metrics.test_Bx_MAEP': 2.2763004302978516, 'metrics.test_RMSE': 1.3262124884272188, 'metrics.test_Bx_MAE': 0.5852841138839722, 'metrics.test_MAE_norm': 1.1146062524124767, 'metrics.test_Bz_MAE': 0.7322644591331482, 'metrics.test_Bz_MAEP': 8.36744213104248, 'metrics.final_val_loss': nan}"
b8513da8219e4d12acc9407d2292db96,nested,"{'params.activation': 'ReLU', 'params.n_layers': '7', 'params.hidden_units': '250', 'params.batch_size': '128', 'params.learning rate': '0.0006815779933846386'}","{'metrics.lowest_val_loss': 0.6314818896677579, 'metrics.test_MAPE_norm': inf, 'metrics.test_By_MAE': 0.26843157410621643, 'metrics.val_loss_RMSE': 0.9505135606402346, 'metrics.test_By_MAEP': 1.5147916078567505, 'metrics.train_loss_RMSE': 0.7643446813638279, 'metrics.test_Bx_MAEP': 1.0373879671096802, 'metrics.test_RMSE': 0.626231457122407, 'metrics.test_Bx_MAE': 0.27055683732032776, 'metrics.test_MAE_norm': 0.5078394177712893, 'metrics.test_Bz_MAE': 0.3324771821498871, 'metrics.test_Bz_MAEP': 3.6799283027648926, 'metrics.final_val_loss': nan}"
430cb081c5704b34bdbdfa17d6caa158,nested,"{'params.activation': 'ReLU', 'params.n_layers': '6', 'params.hidden_units': '250', 'params.batch_size': '128', 'params.learning rate': '0.0005994824018872172'}","{'metrics.lowest_val_loss': 0.6212857107699454, 'metrics.test_MAPE_norm': inf, 'metrics.test_By_MAE': 0.29751160740852356, 'metrics.val_loss_RMSE': 0.9400652497043496, 'metrics.test_By_MAEP': 1.7587698698043823, 'metrics.train_loss_RMSE': 0.5851540540498865, 'metrics.test_Bx_MAEP': 1.009987235069275, 'metrics.test_RMSE': 0.6240772879585216, 'metrics.test_Bx_MAE': 0.26639029383659363, 'metrics.test_MAE_norm': 0.5314467378210223, 'metrics.test_Bz_MAE': 0.3474969267845154, 'metrics.test_Bz_MAEP': 3.8194496631622314, 'metrics.final_val_loss': nan}"
0b1f5d04238c4e0f93b3c0a33984f9cc,nested,"{'params.activation': 'ReLU', 'params.n_layers': '6', 'params.hidden_units': '215', 'params.batch_size': '96', 'params.learning rate': '0.00017515149048704477'}","{'metrics.lowest_val_loss': 0.7711869230600146, 'metrics.test_MAPE_norm': inf, 'metrics.test_By_MAE': 0.3110257089138031, 'metrics.val_loss_RMSE': 0.863146458787203, 'metrics.test_By_MAEP': 2.1249923706054688, 'metrics.train_loss_RMSE': 0.6686195666167273, 'metrics.test_Bx_MAEP': 1.1138362884521484, 'metrics.test_RMSE': 0.7939812962629198, 'metrics.test_Bx_MAE': 0.33022186160087585, 'metrics.test_MAE_norm': 0.6262439323200596, 'metrics.test_Bz_MAE': 0.4268083870410919, 'metrics.test_Bz_MAEP': 5.260998249053955, 'metrics.final_val_loss': nan}"
7b998d3c72c440ef909205f42c86a0ca,nested,"{'params.activation': 'ReLU', 'params.n_layers': '6', 'params.hidden_units': '247', 'params.batch_size': '96', 'params.learning rate': '0.0004684521702546214'}","{'metrics.lowest_val_loss': 0.6264938275575997, 'metrics.test_MAPE_norm': inf, 'metrics.test_By_MAE': 0.2649467885494232, 'metrics.val_loss_RMSE': 0.8009146743410832, 'metrics.test_By_MAEP': 1.8818906545639038, 'metrics.train_loss_RMSE': 0.5720671591265987, 'metrics.test_Bx_MAEP': 0.9084057807922363, 'metrics.test_RMSE': 0.6281695158075521, 'metrics.test_Bx_MAE': 0.270033597946167, 'metrics.test_MAE_norm': 0.5262039420630434, 'metrics.test_Bz_MAE': 0.3620779514312744, 'metrics.test_Bz_MAEP': 4.877483367919922, 'metrics.final_val_loss': nan}"
bb2381260da542adb591084114f5337f,nested,"{'params.activation': 'tanh', 'params.n_layers': '4', 'params.hidden_units': '211', 'params.batch_size': '128', 'params.learning rate': '0.0009934121338766638'}","{'metrics.lowest_val_loss': 1.2204017555770856, 'metrics.test_MAPE_norm': inf, 'metrics.test_By_MAE': 0.5342116355895996, 'metrics.val_loss_RMSE': 1.4400420786467087, 'metrics.test_By_MAEP': 2.879849433898926, 'metrics.train_loss_RMSE': 1.0387594926340251, 'metrics.test_Bx_MAEP': 2.0496113300323486, 'metrics.test_RMSE': 1.2244195975402277, 'metrics.test_Bx_MAE': 0.5366331934928894, 'metrics.test_MAE_norm': 1.021147711140117, 'metrics.test_Bz_MAE': 0.6790909767150879, 'metrics.test_Bz_MAEP': 8.056638717651367, 'metrics.final_val_loss': nan}"
709a3a5c4ff24045b05f379575247f1a,nested,"{'params.activation': 'ReLU', 'params.n_layers': '5', 'params.hidden_units': '213', 'params.batch_size': '96', 'params.learning rate': '0.000523030803222366'}","{'metrics.lowest_val_loss': 0.6521520879552503, 'metrics.test_MAPE_norm': inf, 'metrics.test_By_MAE': 0.28140753507614136, 'metrics.val_loss_RMSE': 0.9341018247134155, 'metrics.test_By_MAEP': 1.9141722917556763, 'metrics.train_loss_RMSE': 0.6401917452172396, 'metrics.test_Bx_MAEP': 0.9912569522857666, 'metrics.test_RMSE': 0.6518128517212463, 'metrics.test_Bx_MAE': 0.2884939908981323, 'metrics.test_MAE_norm': 0.5427565540341165, 'metrics.test_Bz_MAE': 0.3594959080219269, 'metrics.test_Bz_MAEP': 4.487181663513184, 'metrics.final_val_loss': nan}"
5b62a4d0809342de9a54a2b5bba2c477,nested,"{'params.activation': 'ReLU', 'params.n_layers': '5', 'params.hidden_units': '128', 'params.batch_size': '96', 'params.learning rate': '0.0008676630522599841'}","{'metrics.lowest_val_loss': 0.8033624631068709, 'metrics.test_MAPE_norm': inf, 'metrics.test_By_MAE': 0.3742867410182953, 'metrics.val_loss_RMSE': 0.9418232169338625, 'metrics.test_By_MAEP': 2.5465426445007324, 'metrics.train_loss_RMSE': 0.7857836184273447, 'metrics.test_Bx_MAEP': 1.2807881832122803, 'metrics.test_RMSE': 0.7952058879915302, 'metrics.test_Bx_MAE': 0.3703635632991791, 'metrics.test_MAE_norm': 0.7049908483628746, 'metrics.test_Bz_MAE': 0.4642905592918396, 'metrics.test_Bz_MAEP': 5.768735885620117, 'metrics.final_val_loss': nan}"
dbbc5103bd4b4bc99064aa0fcb31342d,nested,"{'params.activation': 'ReLU', 'params.n_layers': '5', 'params.hidden_units': '184', 'params.batch_size': '96', 'params.learning rate': '0.0004937689412294584'}","{'metrics.lowest_val_loss': 0.7055695983957978, 'metrics.test_MAPE_norm': inf, 'metrics.test_By_MAE': 0.3062703311443329, 'metrics.val_loss_RMSE': 0.7055695983957978, 'metrics.test_By_MAEP': 1.9704296588897705, 'metrics.train_loss_RMSE': 0.6237809256142498, 'metrics.test_Bx_MAEP': 1.030177354812622, 'metrics.test_RMSE': 0.7254476444723661, 'metrics.test_Bx_MAE': 0.29654303193092346, 'metrics.test_MAE_norm': 0.5839550434042224, 'metrics.test_Bz_MAE': 0.3947852551937103, 'metrics.test_Bz_MAEP': 4.9550886154174805, 'metrics.final_val_loss': nan}"
7183e211d1104a5380786f3af4a15d3a,nested,"{'params.activation': 'ReLU', 'params.n_layers': '5', 'params.hidden_units': '176', 'params.batch_size': '96', 'params.learning rate': '0.0004452033083160028'}","{'metrics.lowest_val_loss': 0.6990792446634598, 'metrics.test_MAPE_norm': inf, 'metrics.test_By_MAE': 0.3201048970222473, 'metrics.val_loss_RMSE': 0.8133001993343328, 'metrics.test_By_MAEP': 2.1054177284240723, 'metrics.train_loss_RMSE': 0.6437500151046059, 'metrics.test_Bx_MAEP': 1.0106329917907715, 'metrics.test_RMSE': 0.7038273299235722, 'metrics.test_Bx_MAE': 0.2998971939086914, 'metrics.test_MAE_norm': 0.5793556306216356, 'metrics.test_Bz_MAE': 0.3737139105796814, 'metrics.test_Bz_MAEP': 4.650867938995361, 'metrics.final_val_loss': nan}"
56fe3addc82b498fb64665f95ec376cb,nested,"{'params.activation': 'ReLU', 'params.n_layers': '4', 'params.hidden_units': '38', 'params.batch_size': '128', 'params.learning rate': '0.0003425291303593397'}","{'metrics.lowest_val_loss': 2.3853169692541445, 'metrics.test_MAPE_norm': inf, 'metrics.test_By_MAE': 1.1354060173034668, 'metrics.val_loss_RMSE': 2.3853169692541445, 'metrics.test_By_MAEP': 6.217584609985352, 'metrics.train_loss_RMSE': 2.256487910372976, 'metrics.test_Bx_MAEP': 4.271093368530273, 'metrics.test_RMSE': 2.399824768219903, 'metrics.test_Bx_MAE': 1.1259236335754395, 'metrics.test_MAE_norm': 2.1506410956953133, 'metrics.test_Bz_MAE': 1.4262605905532837, 'metrics.test_Bz_MAEP': 16.001855850219727, 'metrics.final_val_loss': nan}"
ea7a6bf55fb84fc9acd8617856742746,nested,"{'params.activation': 'ReLU', 'params.n_layers': '4', 'params.hidden_units': '188', 'params.batch_size': '64', 'params.learning rate': '5.4286236468420333e-05'}","{'metrics.lowest_val_loss': 1.4536517859603773, 'metrics.test_MAPE_norm': inf, 'metrics.test_By_MAE': 0.6229996085166931, 'metrics.val_loss_RMSE': 1.4824378826968414, 'metrics.test_By_MAEP': 4.26923942565918, 'metrics.train_loss_RMSE': 1.2824422470308956, 'metrics.test_Bx_MAEP': 2.2187070846557617, 'metrics.test_RMSE': 1.484030928753713, 'metrics.test_Bx_MAE': 0.6142975687980652, 'metrics.test_MAE_norm': 1.1850879598747601, 'metrics.test_Bz_MAE': 0.7871227264404297, 'metrics.test_Bz_MAEP': 10.154047966003418, 'metrics.final_val_loss': nan}"
9c1d5fc2e597429d84ec31c73b02ff4a,nested,"{'params.activation': 'ReLU', 'params.n_layers': '5', 'params.hidden_units': '179', 'params.batch_size': '96', 'params.learning rate': '0.00039538028367363024'}","{'metrics.lowest_val_loss': 0.6971251084384691, 'metrics.test_MAPE_norm': inf, 'metrics.test_By_MAE': 0.30166512727737427, 'metrics.val_loss_RMSE': 0.8677489886032898, 'metrics.test_By_MAEP': 2.25856614112854, 'metrics.train_loss_RMSE': 0.6583426881503136, 'metrics.test_Bx_MAEP': 0.99571692943573, 'metrics.test_RMSE': 0.7103558581680095, 'metrics.test_Bx_MAE': 0.2942524254322052, 'metrics.test_MAE_norm': 0.5758978983909964, 'metrics.test_Bz_MAE': 0.38789913058280945, 'metrics.test_Bz_MAEP': 5.047488212585449, 'metrics.final_val_loss': nan}"
57584027fb334425be3c2cb02a8e2106,nested,"{'params.activation': 'tanh', 'params.n_layers': '5', 'params.hidden_units': '198', 'params.batch_size': '64', 'params.learning rate': '0.0005567344127548882'}","{'metrics.lowest_val_loss': 1.135734781623608, 'metrics.test_MAPE_norm': inf, 'metrics.test_By_MAE': 0.5272470116615295, 'metrics.val_loss_RMSE': 1.230819692440966, 'metrics.test_By_MAEP': 3.7488865852355957, 'metrics.train_loss_RMSE': 0.9678452136056291, 'metrics.test_Bx_MAEP': 1.7581435441970825, 'metrics.test_RMSE': 1.1366893508320224, 'metrics.test_Bx_MAE': 0.49363353848457336, 'metrics.test_MAE_norm': 0.9525673574808111, 'metrics.test_Bz_MAE': 0.6092554330825806, 'metrics.test_Bz_MAEP': 9.046659469604492, 'metrics.final_val_loss': nan}"
7016e6bb4361491299493ab4808ead95,nested,"{'params.activation': 'ReLU', 'params.n_layers': '5', 'params.hidden_units': '164', 'params.batch_size': '96', 'params.learning rate': '0.0003776657375963564'}","{'metrics.lowest_val_loss': 0.7338375782104365, 'metrics.test_MAPE_norm': inf, 'metrics.test_By_MAE': 0.3075324296951294, 'metrics.val_loss_RMSE': 0.8254635683765461, 'metrics.test_By_MAEP': 2.087063789367676, 'metrics.train_loss_RMSE': 0.6722921705858288, 'metrics.test_Bx_MAEP': 1.1294357776641846, 'metrics.test_RMSE': 0.7422274433626527, 'metrics.test_Bx_MAE': 0.32159844040870667, 'metrics.test_MAE_norm': 0.608204380106583, 'metrics.test_Bz_MAE': 0.409823477268219, 'metrics.test_Bz_MAEP': 5.164881706237793, 'metrics.final_val_loss': nan}"
ae062d2b2765418190f0ea0a8b9cb3b2,nested,"{'params.activation': 'ReLU', 'params.n_layers': '7', 'params.hidden_units': '100', 'params.batch_size': '128', 'params.learning rate': '0.00014233584017472282'}","{'metrics.lowest_val_loss': 1.3503324878292888, 'metrics.test_MAPE_norm': inf, 'metrics.test_By_MAE': 0.5748005509376526, 'metrics.val_loss_RMSE': 1.378094410525963, 'metrics.test_By_MAEP': 3.047471046447754, 'metrics.train_loss_RMSE': 1.208081745123656, 'metrics.test_Bx_MAEP': 2.1828041076660156, 'metrics.test_RMSE': 1.3351824279515645, 'metrics.test_Bx_MAE': 0.5810397863388062, 'metrics.test_MAE_norm': 1.0950147532390064, 'metrics.test_Bz_MAE': 0.7229784727096558, 'metrics.test_Bz_MAEP': 7.9275407791137695, 'metrics.final_val_loss': nan}"
c12fa2fa029c4e16a2ce0e8a21f127a3,nested,"{'params.activation': 'ReLU', 'params.n_layers': '6', 'params.hidden_units': '163', 'params.batch_size': '64', 'params.learning rate': '3.878914715119299e-05'}","{'metrics.lowest_val_loss': 1.630429758239115, 'metrics.test_MAPE_norm': inf, 'metrics.test_By_MAE': 0.6760101318359375, 'metrics.val_loss_RMSE': 1.6407529862115076, 'metrics.test_By_MAEP': 5.023416996002197, 'metrics.train_loss_RMSE': 1.4422816120220723, 'metrics.test_Bx_MAEP': 2.5196444988250732, 'metrics.test_RMSE': 1.621785527897056, 'metrics.test_Bx_MAE': 0.687953770160675, 'metrics.test_MAE_norm': 1.3013117447424163, 'metrics.test_Bz_MAE': 0.8586833477020264, 'metrics.test_Bz_MAEP': 11.674384117126465, 'metrics.final_val_loss': nan}"
e1d84b1187d247a9929df271e5685b30,nested,"{'params.activation': 'ReLU', 'params.n_layers': '8', 'params.hidden_units': '150', 'params.batch_size': '96', 'params.learning rate': '0.00022483261998354224'}","{'metrics.lowest_val_loss': 0.8280195282242344, 'metrics.test_MAPE_norm': inf, 'metrics.test_By_MAE': 0.3639121949672699, 'metrics.val_loss_RMSE': 1.2062221039395473, 'metrics.test_By_MAEP': 2.759526491165161, 'metrics.train_loss_RMSE': 0.6973509821191877, 'metrics.test_Bx_MAEP': 1.221254825592041, 'metrics.test_RMSE': 0.848164909583971, 'metrics.test_Bx_MAE': 0.3558480441570282, 'metrics.test_MAE_norm': 0.6977431453603635, 'metrics.test_Bz_MAE': 0.47188305854797363, 'metrics.test_Bz_MAEP': 6.1217942237854, 'metrics.final_val_loss': nan}"
b91d5da21f0c45dc8658ca60a34c5830,nested,"{'params.activation': 'ReLU', 'params.n_layers': '8', 'params.hidden_units': '4', 'params.batch_size': '96', 'params.learning rate': '0.0007881170783593613'}","{'metrics.lowest_val_loss': 5.73368395006624, 'metrics.test_MAPE_norm': inf, 'metrics.test_By_MAE': 2.61728572845459, 'metrics.val_loss_RMSE': 5.745939176366285, 'metrics.test_By_MAEP': 16.971845626831055, 'metrics.train_loss_RMSE': 5.728420031832547, 'metrics.test_Bx_MAEP': 8.595973014831543, 'metrics.test_RMSE': 5.706426854568588, 'metrics.test_Bx_MAE': 2.5214078426361084, 'metrics.test_MAE_norm': 4.929969311618119, 'metrics.test_Bz_MAE': 3.2948415279388428, 'metrics.test_Bz_MAEP': 39.13713836669922, 'metrics.final_val_loss': nan}"
eda6910cc90d458da0205eeb6da63011,nested,"{'params.activation': 'ReLU', 'params.n_layers': '8', 'params.hidden_units': '121', 'params.batch_size': '96', 'params.learning rate': '0.00023248011010376554'}","{'metrics.lowest_val_loss': 0.9308655115569044, 'metrics.test_MAPE_norm': inf, 'metrics.test_By_MAE': 0.40010714530944824, 'metrics.val_loss_RMSE': 1.0432546109884566, 'metrics.test_By_MAEP': 2.8584728240966797, 'metrics.train_loss_RMSE': 0.7675305470918742, 'metrics.test_Bx_MAEP': 1.404205560684204, 'metrics.test_RMSE': 0.9427622128320382, 'metrics.test_Bx_MAE': 0.4113742411136627, 'metrics.test_MAE_norm': 0.7698277075299256, 'metrics.test_Bz_MAE': 0.5066832304000854, 'metrics.test_Bz_MAEP': 6.3103227615356445, 'metrics.final_val_loss': nan}"
a6e2413b3b8748c58cee4950bda4a24e,nested,"{'params.activation': 'ReLU', 'params.n_layers': '8', 'params.hidden_units': '136', 'params.batch_size': '96', 'params.learning rate': '0.00024497085886489165'}","{'metrics.lowest_val_loss': 0.8628642341192163, 'metrics.test_MAPE_norm': inf, 'metrics.test_By_MAE': 0.36886677145957947, 'metrics.val_loss_RMSE': 0.9923188300905847, 'metrics.test_By_MAEP': 2.463143825531006, 'metrics.train_loss_RMSE': 0.7481447849723807, 'metrics.test_Bx_MAEP': 1.2826160192489624, 'metrics.test_RMSE': 0.8647633771998225, 'metrics.test_Bx_MAE': 0.37484851479530334, 'metrics.test_MAE_norm': 0.6989901333832912, 'metrics.test_Bz_MAE': 0.45400846004486084, 'metrics.test_Bz_MAEP': 5.470320701599121, 'metrics.final_val_loss': nan}"
42f99b208fb54e9999d2929ef774cdfd,nested,"{'params.activation': 'wavelet', 'params.n_layers': '7', 'params.hidden_units': '196', 'params.batch_size': '96', 'params.learning rate': '1.3332023398162626e-05'}","{'metrics.lowest_val_loss': 3.2413990851876284, 'metrics.test_MAPE_norm': inf, 'metrics.test_By_MAE': 1.3213154077529907, 'metrics.val_loss_RMSE': 3.2413990851876284, 'metrics.test_By_MAEP': 8.91397762298584, 'metrics.train_loss_RMSE': 3.091635168154779, 'metrics.test_Bx_MAEP': 4.431380748748779, 'metrics.test_RMSE': 3.1526848455279404, 'metrics.test_Bx_MAE': 1.3187114000320435, 'metrics.test_MAE_norm': 2.5258959042940208, 'metrics.test_Bz_MAE': 1.6848304271697998, 'metrics.test_Bz_MAEP': 20.159534454345703, 'metrics.final_val_loss': nan}"
8a76b82afeba48f084e1389b34fe1a7c,nested,"{'params.activation': 'wavelet', 'params.n_layers': '4', 'params.hidden_units': '236', 'params.batch_size': '128', 'params.learning rate': '1.1631860271212167e-05'}","{'metrics.lowest_val_loss': 4.9711921853975, 'metrics.test_MAPE_norm': inf, 'metrics.test_By_MAE': 2.0301928520202637, 'metrics.val_loss_RMSE': 4.9711921853975, 'metrics.test_By_MAEP': 11.332621574401855, 'metrics.train_loss_RMSE': 4.892284773966734, 'metrics.test_Bx_MAEP': 7.391072750091553, 'metrics.test_RMSE': 4.921684006364545, 'metrics.test_Bx_MAE': 1.9819039106369019, 'metrics.test_MAE_norm': 4.098011672781985, 'metrics.test_Bz_MAE': 2.936885118484497, 'metrics.test_Bz_MAEP': 33.008148193359375, 'metrics.final_val_loss': nan}"
7cffaf41e59a4034aa82f850a3c3d844,nested,"{'params.activation': 'wavelet', 'params.n_layers': '2', 'params.hidden_units': '230', 'params.batch_size': '32', 'params.learning rate': '8.638634644737693e-05'}","{'metrics.lowest_val_loss': 1.6171035569083876, 'metrics.test_MAPE_norm': inf, 'metrics.test_By_MAE': 0.9015209674835205, 'metrics.val_loss_RMSE': 1.6171035569083876, 'metrics.test_By_MAEP': 4.748475551605225, 'metrics.train_loss_RMSE': 1.4208735130842058, 'metrics.test_Bx_MAEP': 3.709019660949707, 'metrics.test_RMSE': 1.6162479759062431, 'metrics.test_Bx_MAE': 0.8809819221496582, 'metrics.test_MAE_norm': 1.6881789535854421, 'metrics.test_Bz_MAE': 1.1003588438034058, 'metrics.test_Bz_MAEP': 12.325057029724121, 'metrics.final_val_loss': nan}"
48d611cbd09e42909203583de67287ab,nested,"{'params.activation': 'tanh', 'params.n_layers': '3', 'params.hidden_units': '66', 'params.batch_size': '64', 'params.learning rate': '1.9009617793514368e-05'}","{'metrics.lowest_val_loss': 5.447779277125567, 'metrics.test_MAPE_norm': inf, 'metrics.test_By_MAE': 2.251631259918213, 'metrics.val_loss_RMSE': 5.447779277125567, 'metrics.test_By_MAEP': 15.354535102844238, 'metrics.train_loss_RMSE': 5.409960614344371, 'metrics.test_Bx_MAEP': 7.851753234863281, 'metrics.test_RMSE': 5.412862014416048, 'metrics.test_Bx_MAE': 2.231928825378418, 'metrics.test_MAE_norm': 4.499505132579348, 'metrics.test_Bz_MAE': 3.148646593093872, 'metrics.test_Bz_MAEP': 41.426727294921875, 'metrics.final_val_loss': nan}"
a1398ead7137425082e86ab019a2fe7e,nested,"{'params.activation': 'tanh', 'params.n_layers': '6', 'params.hidden_units': '84', 'params.batch_size': '64', 'params.learning rate': '8.545765638213363e-05'}","{'metrics.lowest_val_loss': 1.4522706512151629, 'metrics.test_MAPE_norm': inf, 'metrics.test_By_MAE': 0.6707425117492676, 'metrics.val_loss_RMSE': 1.4522706512151629, 'metrics.test_By_MAEP': 4.790097713470459, 'metrics.train_loss_RMSE': 1.3234744056003598, 'metrics.test_Bx_MAEP': 2.4095985889434814, 'metrics.test_RMSE': 1.436121773267397, 'metrics.test_Bx_MAE': 0.6652212738990784, 'metrics.test_MAE_norm': 1.251085104269274, 'metrics.test_Bz_MAE': 0.806787371635437, 'metrics.test_Bz_MAEP': 11.507715225219727, 'metrics.final_val_loss': nan}"
906251a4f1e448bf85e322fd903133ef,nested,"{'params.activation': 'wavelet', 'params.n_layers': '6', 'params.hidden_units': '235', 'params.batch_size': '32', 'params.learning rate': '0.0006456637238452138'}","{'metrics.lowest_val_loss': 1.2043500536276484, 'metrics.test_MAPE_norm': inf, 'metrics.test_By_MAE': 0.4593050479888916, 'metrics.val_loss_RMSE': 1.3212413476008027, 'metrics.test_By_MAEP': 2.666534185409546, 'metrics.train_loss_RMSE': 0.9384156837519364, 'metrics.test_Bx_MAEP': 1.9204713106155396, 'metrics.test_RMSE': 1.198678984818137, 'metrics.test_Bx_MAE': 0.46028658747673035, 'metrics.test_MAE_norm': 0.8947505357020209, 'metrics.test_Bz_MAE': 0.5894103646278381, 'metrics.test_Bz_MAEP': 5.666010856628418, 'metrics.final_val_loss': nan}"
0ca982ee874b41c39d791f5dd7fcd20c,nested,"{'params.activation': 'ReLU', 'params.n_layers': '7', 'params.hidden_units': '227', 'params.batch_size': '32', 'params.learning rate': '2.0171110467103777e-05'}","{'metrics.lowest_val_loss': 1.390514302051441, 'metrics.test_MAPE_norm': inf, 'metrics.test_By_MAE': 0.5611355900764465, 'metrics.val_loss_RMSE': 1.4811288560048792, 'metrics.test_By_MAEP': 2.9363040924072266, 'metrics.train_loss_RMSE': 1.304451714540731, 'metrics.test_Bx_MAEP': 2.3028206825256348, 'metrics.test_RMSE': 1.3707065162590264, 'metrics.test_Bx_MAE': 0.5523257851600647, 'metrics.test_MAE_norm': 1.0736407311053937, 'metrics.test_Bz_MAE': 0.7052471041679382, 'metrics.test_Bz_MAEP': 7.500389099121094, 'metrics.final_val_loss': nan}"
2701b40128674eefa89e00f173a0ec82,nested,"{'params.activation': 'wavelet', 'params.n_layers': '3', 'params.hidden_units': '204', 'params.batch_size': '64', 'params.learning rate': '0.00012596830030744784'}","{'metrics.lowest_val_loss': 1.276437179152738, 'metrics.test_MAPE_norm': inf, 'metrics.test_By_MAE': 0.654565691947937, 'metrics.val_loss_RMSE': 1.3550220990280921, 'metrics.test_By_MAEP': 4.840274810791016, 'metrics.train_loss_RMSE': 1.0867556698689855, 'metrics.test_Bx_MAEP': 2.347405195236206, 'metrics.test_RMSE': 1.2832562712975153, 'metrics.test_Bx_MAE': 0.64639812707901, 'metrics.test_MAE_norm': 1.2283984897524547, 'metrics.test_Bz_MAE': 0.8026485443115234, 'metrics.test_Bz_MAEP': 10.218076705932617, 'metrics.final_val_loss': nan}"
d6e0eb30e62f436db0c0962816de4ff4,nested,"{'params.activation': 'wavelet', 'params.n_layers': '3', 'params.hidden_units': '166', 'params.batch_size': '128', 'params.learning rate': '0.0003555139250109615'}","{'metrics.lowest_val_loss': 1.4344645211827907, 'metrics.test_MAPE_norm': inf, 'metrics.test_By_MAE': 0.7866154909133911, 'metrics.val_loss_RMSE': 1.4658262958063555, 'metrics.test_By_MAEP': 4.352040767669678, 'metrics.train_loss_RMSE': 1.2325162682682438, 'metrics.test_Bx_MAEP': 2.904630661010742, 'metrics.test_RMSE': 1.439777927610275, 'metrics.test_Bx_MAE': 0.7723149061203003, 'metrics.test_MAE_norm': 1.4511865400241322, 'metrics.test_Bz_MAE': 0.9380396604537964, 'metrics.test_Bz_MAEP': 10.273520469665527, 'metrics.final_val_loss': nan}"
119850aa17c74bb5b5270539d00d86bd,nested,"{'params.activation': 'ReLU', 'params.n_layers': '8', 'params.hidden_units': '176', 'params.batch_size': '64', 'params.learning rate': '0.00024540384712134307'}","{'metrics.lowest_val_loss': 0.7146553706770706, 'metrics.test_MAPE_norm': inf, 'metrics.test_By_MAE': 0.31159505248069763, 'metrics.val_loss_RMSE': 0.8867964350831788, 'metrics.test_By_MAEP': 2.3605031967163086, 'metrics.train_loss_RMSE': 0.6122941447169862, 'metrics.test_Bx_MAEP': 1.1766670942306519, 'metrics.test_RMSE': 0.7181891415717198, 'metrics.test_Bx_MAE': 0.32602447271347046, 'metrics.test_MAE_norm': 0.6043388166923842, 'metrics.test_Bz_MAE': 0.39540478587150574, 'metrics.test_Bz_MAEP': 5.078866958618164, 'metrics.final_val_loss': nan}"
